user,pc,Authority,Through_pwd,Through_pin,Through_MFA,Data Modification,Confidential Data Access,Confidential File Transfer,External Destination,Container_ID,Requested_CPU,Requested_Memory_MB,Requested_Storage_GB,Execution_Start_Time_ms,Execution_Finish_Time_ms,Makespan_ms,Total_Data_Transferred_MB
156,136,3,0.0,1.0,0.0,1.0,0.0,0.0,1,688,8,7049,188,7324,13031,4806,308
107,299,3,1.0,0.0,0.0,1.0,0.0,0.0,2,501,12,596,281,4759,28576,3857,9119
442,258,2,0.0,0.0,1.0,0.0,0.0,0.0,2,333,14,16291,378,8751,21900,4791,8902
292,417,3,0.0,0.0,1.0,1.0,0.0,1.0,2,980,7,4223,372,4580,28796,2755,7847
606,252,2,0.0,0.0,1.0,0.0,1.0,1.0,2,818,12,10021,333,2690,12462,2236,9349
324,1,1,0.0,1.0,0.0,0.0,0.0,1.0,2,621,3,6781,77,4327,11924,4089,5524
297,354,1,0.0,0.0,1.0,0.0,1.0,0.0,2,815,15,11015,347,8117,48344,1454,4214
102,305,3,0.0,0.0,1.0,0.0,0.0,1.0,2,517,2,1698,352,8002,19693,3915,7618
562,323,3,0.0,1.0,0.0,1.0,1.0,1.0,1,519,11,10638,200,3828,21310,4701,1408
538,393,3,1.0,0.0,0.0,0.0,0.0,0.0,1,941,12,10916,453,1890,26474,3757,9628
242,306,1,0.0,0.0,1.0,0.0,0.0,0.0,2,114,4,15392,146,9319,21338,3208,8859
412,252,2,0.0,0.0,1.0,0.0,0.0,1.0,2,613,2,6686,318,6866,48292,4627,8243
344,243,3,0.0,0.0,1.0,0.0,0.0,1.0,2,38,8,4549,29,8619,44769,4280,9244
539,310,3,0.0,0.0,1.0,0.0,1.0,1.0,1,895,8,16246,108,7589,22970,3641,6562
88,219,2,0.0,0.0,1.0,1.0,0.0,1.0,2,896,4,294,438,3044,40265,3636,3238
290,271,3,1.0,0.0,0.0,1.0,1.0,1.0,2,993,9,10729,494,9901,20265,4297,2668
424,141,1,1.0,0.0,0.0,1.0,1.0,1.0,2,159,12,1644,109,5757,40301,2319,2642
476,261,2,0.0,1.0,0.0,1.0,1.0,0.0,2,155,13,14988,428,3305,36095,3295,3445
206,262,3,0.0,1.0,0.0,0.0,1.0,1.0,1,41,4,5434,80,5946,38877,4672,4579
437,319,3,0.0,1.0,0.0,0.0,0.0,0.0,2,586,9,792,336,1206,29690,2601,1859
595,132,3,0.0,0.0,1.0,0.0,0.0,0.0,2,806,11,15131,356,3696,30937,1737,1693
578,375,3,0.0,0.0,1.0,1.0,0.0,1.0,2,593,5,12671,130,8323,42097,4408,9080
93,104,1,0.0,1.0,1.0,1.0,1.0,1.0,2,965,11,6251,122,9869,42973,1254,914
7,123,2,0.0,0.0,1.0,1.0,0.0,0.0,1,267,10,2393,52,2637,25209,1534,427
260,188,3,1.0,0.0,0.0,0.0,1.0,1.0,1,407,11,3969,41,1634,18130,3494,229
186,90,3,0.0,0.0,1.0,0.0,0.0,0.0,2,295,4,10156,353,3594,24210,1128,9450
489,193,3,0.0,1.0,0.0,0.0,1.0,1.0,1,605,1,2975,274,7055,20782,4879,2938
282,0,3,0.0,1.0,0.0,1.0,1.0,0.0,2,523,6,8691,418,7644,39412,3915,5364
457,387,3,1.0,0.0,0.0,0.0,0.0,0.0,2,19,7,1646,29,3524,40134,2259,6493
498,131,2,0.0,1.0,0.0,0.0,0.0,0.0,2,426,11,11222,68,7457,26882,1727,182
366,116,2,1.0,0.0,0.0,1.0,1.0,1.0,2,528,1,12585,30,4504,49170,2853,7960
67,204,1,0.0,0.0,1.0,1.0,0.0,0.0,1,309,13,265,286,6164,41564,3508,9475
230,125,3,1.0,1.0,0.0,1.0,1.0,1.0,2,623,13,945,273,3259,16506,1179,1728
303,74,3,1.0,0.0,0.0,0.0,1.0,1.0,2,795,10,12775,454,3828,40863,2609,2393
115,396,3,0.0,0.0,1.0,0.0,1.0,0.0,1,63,2,6894,314,2855,17519,4203,9083
121,342,3,1.0,0.0,0.0,1.0,1.0,1.0,1,80,14,10481,182,8951,42721,2736,3761
518,213,3,0.0,0.0,1.0,1.0,1.0,0.0,2,681,6,14141,415,6462,31590,4240,1847
262,334,2,1.0,0.0,0.0,0.0,0.0,1.0,1,194,10,3245,214,3962,17364,4502,5369
267,165,3,0.0,1.0,0.0,0.0,1.0,1.0,1,751,6,8689,304,6918,33092,1134,5561
72,23,3,0.0,1.0,0.0,0.0,0.0,1.0,1,182,8,12016,172,1369,25616,4269,6128
11,67,3,0.0,0.0,1.0,0.0,1.0,1.0,2,536,5,14237,469,1067,41979,3489,5817
444,256,3,0.0,1.0,1.0,0.0,0.0,0.0,2,485,9,5151,450,4940,46932,1530,143
23,378,3,1.0,0.0,1.0,0.0,1.0,1.0,1,201,11,14017,116,2134,24861,1610,3765
427,321,1,1.0,1.0,0.0,0.0,1.0,1.0,1,365,15,14370,94,9442,20726,4161,5438
142,248,3,1.0,0.0,1.0,0.0,0.0,1.0,2,992,14,15189,435,5485,49737,1877,1242
475,383,3,0.0,1.0,0.0,0.0,0.0,0.0,2,463,9,16157,479,6455,25342,3120,9949
598,94,3,1.0,0.0,0.0,1.0,0.0,1.0,1,357,9,11085,277,7160,24666,4644,7764
167,211,1,0.0,0.0,1.0,1.0,0.0,1.0,2,3,14,7285,446,3610,28387,2384,8683
461,7,1,0.0,0.0,1.0,1.0,1.0,0.0,2,479,2,13651,50,3915,31827,4150,5079
369,407,3,0.0,0.0,1.0,0.0,1.0,0.0,2,696,14,6612,85,9080,36425,1865,9868
53,400,1,0.0,1.0,0.0,1.0,0.0,0.0,2,254,5,7150,205,1062,41313,2077,9148
0,405,3,0.0,0.0,1.0,1.0,0.0,0.0,1,668,15,15110,440,3430,47630,3940,2698
487,345,1,0.0,1.0,0.0,1.0,0.0,1.0,1,86,4,7775,490,1112,36416,4946,5472
108,155,1,1.0,0.0,0.0,1.0,0.0,1.0,2,970,3,15719,385,5624,15938,3868,494
398,92,1,0.0,0.0,1.0,1.0,1.0,1.0,2,76,4,11241,365,5408,29581,3866,7009
55,19,3,0.0,0.0,1.0,0.0,0.0,1.0,1,787,13,11954,117,1721,41232,3779,5063
202,365,2,1.0,0.0,0.0,1.0,0.0,1.0,2,659,11,8113,44,1649,47824,1404,321
190,364,3,1.0,0.0,1.0,1.0,1.0,1.0,2,466,14,4699,485,7539,21762,1156,8195
313,148,1,1.0,0.0,0.0,0.0,1.0,1.0,1,921,3,11029,109,5298,31711,4891,2024
54,179,3,0.0,0.0,1.0,0.0,1.0,1.0,1,39,14,10980,282,7033,30229,2380,5791
615,33,2,1.0,1.0,0.0,0.0,1.0,1.0,1,945,7,8962,436,4961,17221,4691,6097
41,180,3,0.0,0.0,1.0,0.0,0.0,1.0,1,726,4,5095,102,1269,43894,1739,7727
519,82,3,0.0,0.0,1.0,1.0,1.0,0.0,2,437,5,917,427,4163,12466,4408,304
99,222,2,0.0,1.0,0.0,0.0,0.0,0.0,2,141,5,3486,430,9345,43766,1425,6730
302,35,3,0.0,0.0,1.0,0.0,0.0,0.0,1,819,8,12142,487,4303,26905,3305,5507
510,142,3,0.0,0.0,1.0,0.0,0.0,1.0,1,603,12,2750,474,8605,37025,2206,885
53,267,3,0.0,0.0,1.0,0.0,1.0,1.0,2,746,14,827,52,3294,28010,1477,6552
331,13,1,1.0,1.0,0.0,0.0,0.0,1.0,2,472,3,12391,227,5334,15633,4447,9369
145,140,3,0.0,1.0,0.0,1.0,1.0,1.0,2,343,13,13216,51,9640,26886,2632,5001
165,254,3,0.0,1.0,0.0,1.0,1.0,1.0,1,417,4,10033,384,4306,44066,4237,5659
385,101,2,0.0,0.0,1.0,1.0,1.0,0.0,2,712,8,5054,162,2234,20643,1636,6600
122,398,3,1.0,0.0,0.0,1.0,0.0,0.0,2,558,15,5912,109,3217,17533,2598,6778
184,144,3,0.0,0.0,1.0,0.0,1.0,1.0,2,51,10,2545,397,3972,12657,4556,6433
269,195,2,1.0,1.0,0.0,1.0,0.0,1.0,1,163,2,8445,183,2813,26972,1192,7210
389,15,2,1.0,1.0,0.0,1.0,0.0,0.0,1,766,12,334,50,1336,48298,4461,9714
572,204,1,0.0,0.0,1.0,0.0,0.0,0.0,2,857,14,6559,93,5992,32598,3257,3758
247,321,2,0.0,0.0,1.0,1.0,0.0,0.0,2,868,6,9383,267,7797,27932,1791,9439
546,170,2,0.0,0.0,1.0,0.0,0.0,0.0,1,525,3,4363,303,1165,23242,1407,159
594,276,3,1.0,0.0,1.0,1.0,1.0,1.0,1,444,4,10782,486,9995,43651,4001,6012
104,284,3,0.0,0.0,1.0,1.0,1.0,1.0,1,173,13,2446,222,1082,23205,2869,5104
418,32,2,0.0,0.0,1.0,1.0,0.0,1.0,2,957,8,3556,185,5647,13716,2510,8939
585,408,3,0.0,0.0,1.0,0.0,0.0,0.0,1,331,10,401,293,5507,20615,1805,6158
209,317,3,0.0,1.0,0.0,1.0,0.0,0.0,2,353,13,7583,412,5927,13253,4114,6082
411,153,1,0.0,0.0,1.0,0.0,0.0,0.0,2,858,4,14942,463,2961,48480,1740,4095
369,178,3,0.0,1.0,0.0,0.0,0.0,1.0,1,767,9,8336,26,3979,28065,2680,173
540,307,3,0.0,0.0,1.0,0.0,1.0,0.0,2,40,11,12276,128,9560,20673,1973,7159
580,216,3,0.0,0.0,1.0,1.0,1.0,0.0,1,853,3,1025,386,6305,46340,2624,7041
187,135,3,0.0,1.0,0.0,0.0,0.0,1.0,1,876,3,6523,310,5247,28558,1004,852
38,121,1,0.0,0.0,1.0,0.0,0.0,1.0,2,157,10,15894,289,3642,48583,2641,8523
533,332,3,0.0,0.0,1.0,0.0,0.0,1.0,2,223,7,6826,441,8610,37206,1397,6756
537,42,3,1.0,1.0,0.0,1.0,1.0,1.0,1,642,1,7163,276,3617,27940,4140,7736
566,296,3,0.0,0.0,1.0,1.0,0.0,1.0,1,211,5,11812,484,9252,14748,3472,2913
304,419,3,0.0,0.0,1.0,1.0,0.0,0.0,1,747,2,3887,413,9263,42658,3726,9944
87,393,3,0.0,0.0,1.0,1.0,1.0,0.0,1,961,2,7609,495,2449,31213,3682,4907
128,191,1,0.0,1.0,0.0,1.0,0.0,0.0,2,701,8,16308,481,5774,15270,4203,4878
433,388,1,0.0,1.0,0.0,0.0,1.0,1.0,2,168,3,3982,40,9475,45172,3929,9729
453,113,3,0.0,1.0,0.0,1.0,1.0,1.0,1,999,12,14541,366,8566,35327,1569,799
407,325,3,0.0,0.0,1.0,0.0,0.0,0.0,1,985,3,11585,315,8984,19802,3803,5689
307,164,1,1.0,0.0,0.0,0.0,0.0,1.0,2,492,15,3041,117,3581,41254,4757,4051
226,372,3,0.0,0.0,1.0,0.0,1.0,0.0,1,11,7,15819,321,4072,29279,4293,5905
233,252,3,0.0,0.0,1.0,0.0,0.0,1.0,1,106,13,15335,484,9058,41009,4203,550
316,350,2,0.0,0.0,1.0,1.0,0.0,0.0,2,69,10,12371,118,2481,24699,3640,2528
386,397,3,0.0,0.0,1.0,1.0,0.0,1.0,1,480,12,4293,316,8957,44040,1154,5463
493,79,3,1.0,0.0,0.0,1.0,0.0,0.0,2,400,12,5445,110,5177,16594,3060,9300
561,41,3,0.0,1.0,0.0,1.0,1.0,1.0,2,435,6,4467,290,3618,24543,4720,2145
89,309,3,0.0,1.0,0.0,1.0,0.0,1.0,2,259,6,361,298,4644,27395,1064,6839
76,231,3,0.0,0.0,1.0,1.0,0.0,1.0,2,828,15,13464,433,9100,25622,1881,3984
79,271,3,0.0,0.0,1.0,1.0,0.0,0.0,2,885,15,11807,418,5182,42926,3663,7711
604,299,2,0.0,0.0,1.0,1.0,1.0,0.0,2,305,8,12424,58,3700,27663,4168,7150
345,58,3,1.0,1.0,1.0,0.0,0.0,0.0,1,812,6,6749,186,2806,18349,1476,1517
249,338,1,0.0,0.0,1.0,1.0,0.0,0.0,2,939,7,10773,166,5006,26511,4811,1482
30,41,1,0.0,0.0,1.0,1.0,1.0,1.0,1,925,13,13313,176,7009,43335,3413,9652
231,168,1,0.0,1.0,0.0,0.0,0.0,0.0,2,527,12,816,200,9305,16930,3869,7086
597,383,3,0.0,0.0,1.0,0.0,0.0,0.0,2,21,15,2181,33,6260,44575,1888,820
497,243,2,1.0,0.0,0.0,0.0,0.0,0.0,2,906,1,16253,297,8279,30773,4159,8498
388,166,3,1.0,0.0,0.0,1.0,1.0,1.0,1,381,5,12050,272,5008,41425,1055,3295
600,343,1,1.0,0.0,1.0,0.0,0.0,1.0,2,421,5,2684,171,2505,30183,4495,4601
282,398,3,0.0,1.0,0.0,1.0,1.0,0.0,2,286,3,8483,339,3591,32067,1124,6911
31,43,3,1.0,0.0,0.0,0.0,0.0,1.0,2,72,3,6013,323,8262,43247,4140,1454
303,89,3,0.0,0.0,1.0,0.0,0.0,1.0,2,50,7,2996,64,7871,21589,3338,6216
162,196,1,0.0,1.0,0.0,1.0,0.0,1.0,1,180,11,12848,229,6285,35860,4767,5878
119,84,3,0.0,0.0,1.0,1.0,1.0,0.0,2,507,2,6218,165,3378,24029,4767,5505
158,110,3,0.0,1.0,1.0,0.0,0.0,1.0,1,930,8,8730,16,4932,44798,3686,8359
526,159,2,1.0,1.0,0.0,1.0,1.0,1.0,2,117,13,13854,334,5855,32164,2128,578
604,404,2,1.0,0.0,0.0,0.0,0.0,1.0,1,294,14,5751,85,2029,26995,4411,2709
623,262,1,0.0,1.0,0.0,1.0,1.0,0.0,2,77,5,1147,201,5068,25191,2640,4187
251,65,1,0.0,0.0,1.0,1.0,1.0,0.0,1,49,2,8723,195,5796,30094,2045,7343
194,189,1,0.0,0.0,1.0,1.0,0.0,0.0,2,504,5,15352,492,9092,11390,3027,5827
603,99,3,0.0,0.0,1.0,1.0,0.0,1.0,1,264,12,12464,363,4074,14009,4344,7317
359,391,2,0.0,0.0,1.0,0.0,1.0,1.0,1,809,11,10937,167,3786,37337,1231,356
184,75,3,1.0,1.0,1.0,0.0,1.0,1.0,2,864,7,8970,396,1183,49498,4381,7198
434,33,3,0.0,0.0,1.0,0.0,0.0,1.0,2,749,15,9568,362,1698,12375,3263,4423
279,289,1,1.0,0.0,0.0,1.0,1.0,1.0,2,65,15,3505,375,9850,23734,2958,7115
302,217,3,0.0,1.0,0.0,1.0,1.0,0.0,2,799,15,15843,99,1142,39311,2961,9074
433,306,3,1.0,0.0,0.0,0.0,1.0,1.0,1,53,1,5626,263,5997,14164,3353,2507
531,35,3,0.0,0.0,1.0,1.0,0.0,0.0,2,441,1,15044,236,3972,44030,3415,924
27,324,1,1.0,1.0,0.0,1.0,0.0,1.0,1,125,5,8381,359,6693,49218,2622,5662
164,395,1,1.0,0.0,0.0,0.0,0.0,1.0,2,651,11,1659,366,6415,45581,4364,5687
358,45,2,0.0,0.0,1.0,1.0,1.0,1.0,1,410,2,2731,404,6951,29542,3762,9360
112,81,2,1.0,0.0,0.0,0.0,0.0,1.0,2,753,13,12543,254,6374,14729,2152,2085
526,107,3,0.0,1.0,0.0,1.0,0.0,1.0,1,953,12,6507,73,8000,41022,2260,8859
584,416,3,0.0,1.0,0.0,1.0,0.0,1.0,1,478,9,404,43,1922,36373,4276,4324
34,161,3,1.0,0.0,0.0,0.0,0.0,0.0,2,119,2,14221,147,8196,42222,1227,8068
540,94,3,0.0,0.0,1.0,0.0,1.0,1.0,2,13,8,10800,110,1166,48952,1752,9408
445,306,1,0.0,0.0,1.0,0.0,0.0,1.0,2,158,5,9298,322,7409,13843,4846,9350
528,185,2,1.0,0.0,0.0,1.0,0.0,0.0,1,338,2,15278,263,4552,18148,3126,9098
100,373,3,0.0,0.0,1.0,0.0,0.0,0.0,1,128,9,5361,207,7160,19378,1471,5365
310,403,3,0.0,1.0,0.0,1.0,0.0,0.0,1,47,15,9483,238,2293,34099,4516,3643
76,164,3,1.0,1.0,0.0,1.0,1.0,1.0,1,236,5,9162,78,6488,14178,4185,4866
337,197,3,1.0,0.0,0.0,0.0,0.0,1.0,1,539,15,3394,402,9210,48167,1486,8257
147,392,3,0.0,0.0,1.0,0.0,1.0,0.0,2,242,1,13013,314,3817,35881,3757,3025
551,294,3,0.0,0.0,1.0,1.0,0.0,1.0,2,591,15,7435,133,8389,43698,4276,7070
230,335,3,0.0,1.0,0.0,0.0,0.0,0.0,2,359,12,6908,17,6126,48997,2203,5418
415,353,3,0.0,0.0,1.0,1.0,0.0,0.0,2,960,4,8809,213,7837,19181,1662,5197
599,16,1,1.0,0.0,0.0,1.0,1.0,1.0,1,849,12,4003,219,2251,20873,2184,4039
48,308,3,0.0,1.0,0.0,1.0,1.0,1.0,1,793,6,403,118,2756,29061,2321,8612
282,118,3,1.0,0.0,0.0,1.0,1.0,1.0,2,326,9,3939,420,8178,18697,2590,1120
206,109,3,1.0,1.0,0.0,0.0,1.0,1.0,1,900,12,11438,495,1249,36791,2281,4393
73,153,3,0.0,0.0,1.0,0.0,0.0,0.0,2,810,6,13828,440,4791,11220,2917,6612
62,392,3,1.0,0.0,0.0,1.0,0.0,0.0,2,351,14,1243,187,1204,34382,3334,360
314,208,1,0.0,1.0,0.0,0.0,0.0,1.0,2,364,9,1599,494,7314,27709,3630,6486
150,66,3,0.0,1.0,0.0,0.0,1.0,0.0,1,18,8,2459,141,1680,45724,1078,4424
588,105,1,0.0,0.0,1.0,1.0,0.0,0.0,2,187,15,11786,403,8674,46733,1839,9112
490,228,3,0.0,1.0,0.0,0.0,0.0,0.0,2,403,8,963,463,9181,46912,4286,3316
598,61,3,0.0,1.0,1.0,0.0,0.0,1.0,1,339,14,10032,396,1018,29748,3626,9325
179,68,3,0.0,0.0,1.0,0.0,0.0,1.0,2,207,2,5016,30,5164,29257,4283,3979
553,339,2,0.0,0.0,1.0,0.0,0.0,1.0,2,964,1,6528,397,5117,11463,1188,5617
59,169,2,0.0,1.0,0.0,0.0,0.0,1.0,2,346,11,9109,176,5236,17638,4734,2182
432,413,3,0.0,1.0,0.0,0.0,0.0,1.0,2,314,8,15273,375,9676,21553,3841,9348
331,196,2,0.0,0.0,1.0,0.0,0.0,1.0,2,243,10,5138,412,9636,46422,2956,9344
230,268,1,0.0,1.0,0.0,1.0,0.0,0.0,1,914,2,10207,32,9383,16586,3591,7737
201,71,3,0.0,1.0,0.0,1.0,0.0,0.0,2,171,3,12537,482,8304,14982,3964,1416
15,360,3,0.0,1.0,0.0,0.0,0.0,1.0,1,188,8,7266,345,2364,15319,4136,987
467,382,3,0.0,1.0,0.0,0.0,0.0,0.0,1,935,10,13974,202,6898,28297,4426,7422
240,230,2,0.0,0.0,1.0,0.0,0.0,0.0,2,134,6,8104,435,8162,46113,3741,8445
357,241,2,0.0,1.0,0.0,0.0,1.0,1.0,2,302,1,1556,201,7968,42899,4985,1087
249,83,3,1.0,0.0,0.0,1.0,0.0,1.0,1,732,15,3749,300,4258,33837,3851,7506
496,403,2,0.0,0.0,1.0,1.0,0.0,0.0,2,671,4,11477,447,3011,25318,4597,1654
268,112,3,0.0,1.0,0.0,0.0,1.0,1.0,2,319,7,3481,241,5733,24731,1566,9552
164,383,1,0.0,0.0,1.0,0.0,1.0,1.0,1,79,6,7431,441,9566,38386,2511,2931
248,1,1,0.0,1.0,1.0,1.0,1.0,1.0,2,522,1,15716,451,5594,43263,3349,4927
501,63,2,0.0,0.0,1.0,0.0,0.0,0.0,1,347,7,11951,445,7901,48419,3630,4752
511,238,3,0.0,0.0,1.0,1.0,0.0,0.0,2,199,3,6727,237,9560,42730,1950,9000
157,104,3,0.0,0.0,1.0,0.0,1.0,0.0,2,866,12,13326,359,4358,34849,3880,6819
623,84,3,1.0,0.0,0.0,1.0,1.0,1.0,2,549,3,7258,228,7838,41499,3713,6277
0,206,2,1.0,0.0,0.0,0.0,0.0,0.0,1,916,2,12799,84,5440,42186,4044,6587
589,332,3,0.0,0.0,1.0,0.0,0.0,0.0,1,589,12,7596,82,2141,49308,3134,3894
31,369,3,1.0,0.0,0.0,1.0,0.0,1.0,2,448,11,463,443,8081,42371,4985,4795
411,118,1,0.0,0.0,1.0,0.0,1.0,0.0,1,22,13,875,236,5357,15827,4420,5175
260,311,2,0.0,1.0,0.0,0.0,0.0,0.0,2,725,12,849,450,2881,24921,4380,902
525,154,2,0.0,0.0,1.0,1.0,0.0,0.0,2,719,9,11005,292,3535,28696,3888,7058
128,46,2,0.0,1.0,0.0,1.0,0.0,1.0,2,251,3,10989,170,6668,32684,1491,9821
5,86,3,0.0,1.0,0.0,1.0,1.0,0.0,2,244,9,14369,380,4641,22984,3368,3568
502,350,1,0.0,0.0,1.0,0.0,1.0,0.0,1,572,9,14972,111,1917,18797,1555,5900
90,321,3,0.0,0.0,1.0,0.0,1.0,0.0,2,36,8,6518,66,2567,46186,3357,863
560,341,3,0.0,0.0,1.0,1.0,0.0,1.0,1,82,2,8576,359,5595,13123,2449,8034
524,382,2,0.0,0.0,1.0,1.0,1.0,1.0,1,160,14,5706,335,3994,37460,3629,9425
84,101,3,0.0,0.0,1.0,0.0,0.0,1.0,1,334,2,3296,456,6628,16581,2357,8620
66,205,2,0.0,0.0,1.0,1.0,0.0,1.0,1,838,3,10061,267,5763,43264,4755,3492
266,52,1,0.0,0.0,1.0,1.0,0.0,1.0,2,475,13,2624,478,7204,18008,3154,4211
139,388,3,0.0,1.0,0.0,0.0,0.0,1.0,2,672,6,1805,85,4373,37026,4574,6215
532,387,1,0.0,0.0,1.0,0.0,0.0,1.0,2,110,6,10311,87,7432,36933,4354,2467
558,264,3,1.0,0.0,0.0,0.0,0.0,1.0,2,662,14,16243,225,9828,39112,1888,3988
28,102,1,0.0,0.0,1.0,0.0,0.0,0.0,2,380,14,2605,395,6057,25389,4787,1087
328,390,1,1.0,1.0,0.0,0.0,1.0,1.0,2,626,13,5431,134,4294,26310,2757,8308
596,377,1,0.0,0.0,0.0,1.0,0.0,1.0,2,604,6,12933,295,9135,38832,4339,2416
306,391,2,0.0,0.0,0.0,0.0,0.0,0.0,1,93,14,15808,260,9708,23317,2462,3848
530,138,2,1.0,0.0,0.0,0.0,0.0,1.0,2,452,2,888,437,7410,44367,1585,1037
379,359,3,0.0,0.0,0.0,1.0,1.0,1.0,1,653,2,3548,181,2942,37027,4342,2991
32,308,3,0.0,1.0,0.0,0.0,1.0,1.0,1,823,14,7760,91,2504,16753,3276,4592
257,279,3,0.0,0.0,1.0,0.0,0.0,0.0,2,856,7,10164,268,5891,26689,3962,1021
394,292,1,0.0,0.0,1.0,1.0,0.0,1.0,2,391,8,13287,426,4719,49736,4565,7112
123,384,3,0.0,0.0,1.0,0.0,1.0,0.0,2,578,8,1304,444,8086,12184,3657,5612
579,411,3,0.0,1.0,0.0,0.0,1.0,1.0,2,986,6,15528,271,1406,19307,4765,2604
378,176,3,1.0,1.0,0.0,0.0,0.0,0.0,2,423,13,7682,421,6167,23254,4191,6014
571,288,2,1.0,0.0,0.0,1.0,0.0,0.0,1,212,9,11470,16,6041,44045,3601,1337
325,23,1,0.0,0.0,1.0,0.0,0.0,0.0,1,172,10,5062,45,8331,26790,3521,5304
239,194,3,0.0,1.0,1.0,1.0,0.0,1.0,1,166,11,10072,197,5120,12094,4888,2531
376,262,2,0.0,0.0,1.0,1.0,0.0,0.0,1,239,11,12867,227,5744,48770,1819,2915
609,246,1,0.0,0.0,1.0,1.0,0.0,1.0,2,189,6,11463,409,8294,31323,4765,6115
614,361,2,1.0,1.0,1.0,1.0,1.0,1.0,1,686,1,8014,285,8657,28197,1962,4037
73,124,3,0.0,1.0,0.0,1.0,0.0,1.0,1,804,1,5766,17,5512,15603,1842,7747
49,253,3,0.0,1.0,0.0,1.0,1.0,1.0,1,345,3,15252,271,6618,41005,3728,5808
415,221,3,0.0,1.0,0.0,1.0,0.0,1.0,1,742,1,648,311,3785,17040,1853,7890
555,14,0,1.0,0.0,1.0,1.0,1.0,1.0,2,454,1,11407,404,3575,36868,1912,524
542,48,3,0.0,0.0,1.0,0.0,0.0,0.0,2,647,15,5927,158,4155,28400,1377,7172
105,52,3,1.0,0.0,0.0,0.0,1.0,1.0,1,831,4,15054,234,9690,32435,1401,6052
535,315,3,0.0,0.0,1.0,0.0,0.0,0.0,2,156,1,1256,138,8619,49724,1145,2765
351,113,2,0.0,0.0,1.0,1.0,1.0,1.0,1,488,11,11279,393,1160,25327,3585,1659
490,83,3,0.0,0.0,1.0,1.0,0.0,0.0,1,598,4,1101,431,4020,40793,3643,3067
254,56,3,0.0,0.0,1.0,1.0,1.0,0.0,2,989,13,13960,408,7169,22516,1098,3076
308,407,3,0.0,0.0,1.0,1.0,0.0,1.0,1,126,10,3547,263,6788,36359,2905,1159
460,227,3,0.0,0.0,1.0,0.0,1.0,1.0,1,67,4,7851,415,4663,15906,1861,6423
150,216,3,0.0,0.0,1.0,1.0,1.0,1.0,1,909,4,7783,165,2987,14432,4222,1973
339,234,1,0.0,1.0,0.0,0.0,0.0,0.0,1,512,3,1945,157,9490,44979,1566,8843
103,19,3,1.0,0.0,0.0,1.0,0.0,0.0,1,225,3,8468,414,1869,33337,1984,3282
337,41,1,0.0,0.0,1.0,0.0,1.0,0.0,2,269,13,4701,432,1644,13077,3740,3248
249,385,3,1.0,0.0,0.0,0.0,0.0,1.0,1,162,14,1623,191,2271,39747,4577,8248
112,398,3,0.0,0.0,1.0,0.0,0.0,1.0,2,814,7,11871,349,4308,38464,3623,8065
395,383,3,0.0,0.0,1.0,0.0,1.0,0.0,2,619,4,6744,50,8382,22706,4427,5612
438,45,1,1.0,0.0,0.0,0.0,0.0,0.0,2,677,11,3972,156,7381,49328,1363,7215
361,412,2,0.0,1.0,0.0,1.0,0.0,0.0,2,179,1,1696,351,9367,34862,4506,1057
317,370,2,0.0,0.0,1.0,0.0,1.0,0.0,1,951,14,13597,378,7686,43479,2876,1415
368,353,2,0.0,0.0,1.0,0.0,0.0,0.0,2,416,8,1991,118,9026,36625,4188,2046
248,259,1,0.0,0.0,1.0,1.0,1.0,0.0,2,101,1,12497,207,4951,12609,4008,3817
383,53,3,1.0,0.0,0.0,0.0,1.0,1.0,1,734,6,6420,246,2445,34067,1873,7848
367,12,3,0.0,1.0,0.0,1.0,0.0,1.0,2,690,2,8249,320,9417,49679,4840,8896
485,378,3,0.0,1.0,0.0,1.0,0.0,1.0,2,230,3,10286,151,1489,43528,4639,550
522,236,3,0.0,0.0,1.0,0.0,0.0,0.0,2,335,7,9910,75,9328,45782,4996,646
276,112,3,1.0,1.0,0.0,1.0,0.0,0.0,1,628,1,8904,95,8431,22781,4122,9358
539,294,3,0.0,0.0,1.0,0.0,0.0,1.0,1,703,11,14564,356,4103,40809,3244,6200
154,263,3,1.0,0.0,0.0,1.0,1.0,1.0,1,879,3,11285,366,1270,28118,4253,8796
213,204,2,0.0,0.0,1.0,0.0,0.0,0.0,2,483,15,12999,323,8647,43157,1996,9041
293,74,3,0.0,1.0,0.0,0.0,1.0,1.0,2,920,10,9816,127,7646,32493,4401,628
168,281,1,0.0,0.0,1.0,1.0,0.0,0.0,1,221,10,10859,481,5370,21068,1272,1945
364,183,2,0.0,0.0,1.0,0.0,0.0,0.0,2,392,4,14308,229,3581,40377,3234,3826
283,277,2,0.0,1.0,0.0,1.0,0.0,1.0,2,913,4,14827,72,3773,25605,1328,2188
289,228,3,0.0,0.0,1.0,0.0,1.0,1.0,1,428,9,3073,137,4439,40098,1824,1098
33,278,2,0.0,1.0,0.0,1.0,1.0,0.0,2,310,2,13527,29,6520,35209,1390,2924
243,177,3,0.0,1.0,0.0,0.0,0.0,1.0,1,776,8,15040,406,8446,13580,4988,3280
272,20,1,1.0,0.0,0.0,0.0,0.0,1.0,1,886,1,16050,288,3230,48356,3938,8030
49,137,3,0.0,0.0,1.0,1.0,0.0,0.0,2,16,7,10027,120,4664,20343,1545,3095
196,190,3,1.0,1.0,0.0,0.0,1.0,1.0,2,494,8,3981,359,5500,17719,4504,2270
243,9,3,0.0,0.0,1.0,1.0,0.0,0.0,2,246,1,6268,350,6307,28755,1896,4509
580,228,3,0.0,0.0,1.0,0.0,0.0,0.0,1,899,12,1512,446,9185,26187,4019,2893
403,196,3,0.0,1.0,0.0,0.0,0.0,0.0,1,7,7,3434,409,4854,29323,1351,6573
446,162,3,1.0,1.0,0.0,0.0,0.0,0.0,2,614,2,7410,236,3566,17559,2532,8130
525,102,1,0.0,0.0,1.0,1.0,1.0,1.0,2,534,13,11735,151,9706,27122,3511,6558
234,87,3,0.0,0.0,1.0,1.0,0.0,0.0,1,398,5,5728,185,9923,14744,3161,5539
211,367,2,0.0,0.0,1.0,1.0,1.0,1.0,2,722,7,14131,389,2252,16296,4833,6460
239,124,3,0.0,1.0,0.0,0.0,1.0,1.0,1,859,13,4239,164,3863,40703,1861,7164
304,403,3,0.0,1.0,1.0,1.0,1.0,1.0,1,692,12,5798,357,6208,30037,1870,7826
416,128,3,0.0,0.0,1.0,0.0,0.0,0.0,1,105,2,558,56,7340,39141,1215,8779
451,327,1,0.0,1.0,0.0,0.0,0.0,1.0,2,304,15,9691,328,2700,13172,3092,1460
377,29,3,1.0,0.0,0.0,1.0,1.0,1.0,1,550,15,4481,416,3587,41225,1089,4873
220,138,3,0.0,0.0,1.0,1.0,0.0,0.0,2,730,9,9907,433,2574,26997,2135,8039
319,265,3,0.0,0.0,1.0,0.0,0.0,0.0,2,209,10,5508,187,6039,36491,4484,6791
118,77,3,0.0,0.0,1.0,0.0,0.0,0.0,1,303,14,7125,252,3773,43083,1901,9639
320,287,3,0.0,1.0,0.0,0.0,0.0,1.0,2,52,7,1495,385,4922,43764,4855,861
261,212,3,0.0,1.0,0.0,0.0,1.0,1.0,1,91,1,1454,260,3949,24380,4349,1163
241,401,3,0.0,0.0,1.0,0.0,0.0,1.0,2,355,5,9097,316,3687,11864,1616,1115
198,191,2,0.0,0.0,1.0,1.0,0.0,1.0,2,633,11,12692,192,4856,22410,2797,8281
393,160,2,1.0,0.0,0.0,0.0,0.0,0.0,1,461,13,11010,225,9841,20290,2105,3366
332,410,1,0.0,1.0,0.0,1.0,0.0,1.0,1,23,8,1530,163,2363,41607,4169,6425
212,22,3,0.0,0.0,1.0,0.0,1.0,0.0,2,375,8,16368,51,7773,43467,4698,6311
508,268,3,1.0,0.0,0.0,1.0,0.0,0.0,2,547,10,8098,143,1650,18370,2357,4287
7,44,0,0.0,0.0,1.0,1.0,0.0,1.0,2,440,7,12067,142,2925,11375,3865,7916
311,367,2,1.0,1.0,0.0,0.0,0.0,1.0,2,219,11,5701,212,2526,23450,4830,8990
265,242,1,0.0,0.0,1.0,1.0,1.0,1.0,1,738,8,4456,150,6570,47854,1751,9710
164,15,2,1.0,0.0,0.0,0.0,0.0,0.0,2,506,1,2752,257,7033,22569,1176,3716
421,346,3,0.0,1.0,0.0,1.0,0.0,1.0,1,606,10,2140,329,4882,49650,4393,7329
491,325,3,0.0,0.0,1.0,1.0,0.0,0.0,1,802,7,12942,259,7622,33499,4865,5360
176,178,1,0.0,1.0,0.0,0.0,0.0,1.0,2,949,13,278,404,7100,15922,4734,2694
421,64,3,1.0,1.0,1.0,1.0,0.0,1.0,1,684,13,2549,316,4318,23755,2936,7143
150,226,1,1.0,1.0,0.0,0.0,0.0,1.0,1,206,11,1433,450,6485,14121,1458,2283
298,414,3,0.0,0.0,1.0,1.0,0.0,1.0,1,648,7,7184,334,4970,17470,3628,1593
279,50,3,1.0,0.0,0.0,1.0,0.0,0.0,2,191,5,7373,488,3426,45578,4440,4093
159,174,3,1.0,0.0,0.0,1.0,0.0,1.0,2,362,10,5272,306,2776,11935,4174,5881
184,118,3,0.0,0.0,1.0,1.0,0.0,0.0,2,665,12,1023,17,3148,41063,4911,4793
303,188,3,1.0,0.0,0.0,0.0,0.0,1.0,2,376,14,6858,325,4816,18754,2214,1140
287,119,3,0.0,1.0,0.0,1.0,0.0,0.0,1,632,3,13666,264,6750,43092,4090,6221
588,134,2,1.0,1.0,0.0,1.0,0.0,1.0,1,186,7,14553,129,2779,14969,2434,7682
138,55,2,0.0,0.0,1.0,0.0,0.0,0.0,2,733,6,11049,441,4262,25997,3524,4819
92,306,3,1.0,1.0,0.0,0.0,0.0,1.0,2,405,14,6960,255,1531,27626,4861,4770
104,15,2,0.0,0.0,1.0,0.0,0.0,1.0,1,195,4,12296,79,1859,46349,1082,7608
327,203,3,0.0,1.0,0.0,1.0,0.0,0.0,2,565,12,8542,93,8031,23177,2537,1215
358,261,3,0.0,1.0,0.0,0.0,0.0,0.0,2,402,7,11494,487,3604,29028,4672,6747
246,114,3,0.0,1.0,0.0,0.0,0.0,0.0,1,531,9,5804,126,4839,38151,4608,1692
608,350,3,0.0,0.0,1.0,1.0,0.0,0.0,1,657,6,4773,402,1861,20837,3576,4067
381,0,2,1.0,1.0,0.0,0.0,0.0,0.0,1,442,9,10316,198,1990,31746,2117,3848
216,6,3,1.0,0.0,0.0,1.0,0.0,0.0,2,133,9,11680,412,6808,33831,2041,4282
124,11,2,0.0,1.0,0.0,1.0,0.0,1.0,2,234,12,7192,30,9024,25758,2505,7176
151,171,2,0.0,1.0,0.0,0.0,0.0,0.0,2,174,5,9364,423,2920,35338,3568,784
366,0,3,0.0,1.0,0.0,1.0,1.0,1.0,2,429,10,11109,292,3854,44709,4201,5904
552,189,2,0.0,0.0,1.0,0.0,0.0,1.0,1,568,13,9581,433,2448,49244,4357,4534
177,233,1,0.0,0.0,1.0,1.0,1.0,0.0,2,968,12,704,334,4758,14158,3383,231
0,342,1,0.0,0.0,1.0,0.0,0.0,0.0,2,759,8,13302,319,5478,45650,2579,2908
440,134,3,0.0,1.0,0.0,0.0,0.0,1.0,1,627,11,14030,119,7774,19226,4444,9889
135,256,2,0.0,1.0,0.0,1.0,0.0,0.0,1,97,7,10922,127,7261,34799,3925,4820
417,0,3,1.0,0.0,0.0,1.0,0.0,1.0,2,782,1,12024,136,9347,23021,3086,8109
116,397,2,1.0,1.0,1.0,0.0,1.0,1.0,2,500,5,2664,390,1689,42728,3016,8126
544,269,2,0.0,0.0,1.0,0.0,1.0,1.0,2,75,12,2225,424,1882,31435,2551,1286
351,26,3,0.0,0.0,1.0,1.0,1.0,1.0,2,90,8,12629,122,2424,30630,4797,6950
379,232,3,0.0,1.0,0.0,1.0,1.0,0.0,2,610,10,5435,98,5735,20627,3831,3083
603,210,1,0.0,0.0,1.0,0.0,0.0,1.0,2,1,10,10808,130,3800,35042,3606,6138
425,26,1,0.0,1.0,1.0,0.0,0.0,0.0,2,393,12,12896,138,3565,39572,1497,1987
9,33,2,0.0,0.0,1.0,1.0,0.0,1.0,1,477,3,541,189,5251,47386,3312,2003
180,67,3,0.0,0.0,1.0,0.0,0.0,1.0,2,800,2,10122,112,3761,16650,3591,2047
622,313,2,0.0,0.0,1.0,1.0,0.0,1.0,2,520,13,4693,76,3850,41908,2798,9784
281,181,1,1.0,1.0,0.0,1.0,1.0,1.0,2,108,7,13131,207,8846,37536,3172,7280
267,11,0,0.0,0.0,1.0,1.0,0.0,0.0,2,709,13,4848,431,1446,49196,1865,6335
256,353,1,0.0,0.0,1.0,1.0,0.0,1.0,2,635,7,1435,486,7953,20095,4226,5825
609,202,2,0.0,0.0,1.0,1.0,1.0,1.0,2,224,3,9452,208,2993,11287,3518,7666
124,295,1,0.0,0.0,1.0,1.0,0.0,0.0,2,328,2,15782,498,4630,19386,4680,3673
529,56,2,0.0,1.0,0.0,0.0,0.0,1.0,1,103,9,7961,157,1018,30945,3144,1474
530,312,3,1.0,0.0,0.0,0.0,0.0,0.0,2,705,2,927,370,5135,14786,1641,8217
112,254,3,0.0,0.0,1.0,1.0,1.0,0.0,2,476,9,16248,172,7111,38405,4691,5759
471,199,3,0.0,0.0,1.0,0.0,0.0,0.0,2,214,8,14307,136,2337,41497,2984,3143
312,355,2,1.0,1.0,0.0,0.0,0.0,0.0,1,136,12,13231,311,9399,43443,3160,3968
130,285,2,1.0,1.0,0.0,1.0,1.0,1.0,1,247,15,1219,393,9933,18135,3266,647
509,105,2,0.0,0.0,1.0,0.0,0.0,0.0,2,971,5,14050,353,9848,49185,1873,7419
244,355,1,0.0,1.0,0.0,1.0,0.0,0.0,2,892,15,14713,116,8545,12129,4018,8884
398,6,2,0.0,0.0,1.0,0.0,0.0,1.0,1,620,11,4993,205,7231,23070,1277,3802
486,168,3,0.0,0.0,1.0,0.0,0.0,0.0,2,816,9,5695,155,6048,29255,2255,8401
227,197,3,1.0,1.0,1.0,1.0,1.0,1.0,1,366,7,4614,81,2788,31245,1225,2665
436,187,3,0.0,0.0,1.0,1.0,0.0,0.0,1,813,9,10485,184,2504,16618,2822,7860
416,314,3,1.0,0.0,0.0,0.0,0.0,0.0,2,27,5,10829,319,8742,16313,2500,6910
152,117,1,0.0,0.0,1.0,1.0,0.0,0.0,1,643,3,9056,73,9954,40831,3570,5837
224,340,2,1.0,0.0,0.0,0.0,0.0,1.0,1,418,13,8514,30,1897,44691,1040,8908
241,89,3,0.0,0.0,1.0,0.0,1.0,0.0,2,908,9,557,204,9662,31863,3063,8585
590,21,3,1.0,0.0,0.0,0.0,0.0,1.0,1,922,3,7259,389,5668,31039,3892,6560
117,124,3,0.0,1.0,0.0,0.0,1.0,1.0,2,4,2,6355,386,2104,38042,4937,5389
175,50,3,1.0,1.0,0.0,0.0,1.0,1.0,1,135,10,5464,44,7241,27459,4020,2644
467,250,2,0.0,1.0,0.0,0.0,0.0,1.0,1,356,12,9416,276,5951,45036,4072,8205
285,393,3,0.0,0.0,1.0,1.0,1.0,1.0,2,878,10,12145,483,4354,31470,2437,1441
148,274,3,0.0,1.0,0.0,0.0,0.0,0.0,1,769,15,4182,286,1910,12073,1241,7644
463,3,3,1.0,0.0,0.0,0.0,0.0,1.0,2,837,15,7235,432,2874,12191,2565,7768
37,57,1,1.0,0.0,0.0,1.0,0.0,0.0,2,562,14,15413,156,3961,22927,4836,9261
324,402,3,0.0,0.0,1.0,0.0,1.0,0.0,2,893,10,10015,155,6552,39022,2131,7735
188,373,3,1.0,0.0,0.0,1.0,0.0,1.0,2,226,2,662,435,2014,31666,2230,563
473,64,3,1.0,0.0,0.0,1.0,0.0,1.0,1,821,2,6767,136,8850,27252,3734,2142
260,404,3,1.0,0.0,1.0,1.0,0.0,0.0,1,370,14,10025,408,7811,48371,3173,3181
547,37,1,1.0,1.0,0.0,0.0,0.0,1.0,2,682,15,8154,241,4216,41951,3569,8332
56,358,1,1.0,1.0,1.0,0.0,0.0,0.0,1,340,11,738,465,3242,25022,2878,4087
163,27,2,0.0,1.0,0.0,0.0,1.0,1.0,2,420,6,8235,278,8291,31690,1343,9276
101,122,3,0.0,1.0,0.0,0.0,0.0,1.0,2,830,11,3265,122,1191,34283,2781,3384
520,366,3,0.0,0.0,1.0,1.0,0.0,0.0,2,952,6,6182,303,2587,16178,3543,8239
592,243,2,1.0,0.0,1.0,1.0,1.0,1.0,2,455,8,3339,459,1615,19792,3321,3151
549,73,3,1.0,0.0,1.0,0.0,1.0,1.0,1,64,1,6826,328,9125,47730,1596,6163
408,68,1,0.0,1.0,0.0,1.0,1.0,1.0,0,760,11,11297,391,7531,32292,1085,2662
499,242,2,1.0,0.0,0.0,1.0,1.0,1.0,2,361,9,7677,485,1192,15054,3565,6235
579,210,2,0.0,0.0,1.0,0.0,0.0,1.0,1,238,11,12302,96,3912,13176,3944,1476
214,40,3,1.0,0.0,0.0,1.0,0.0,1.0,1,113,14,14531,368,7358,37671,2567,3603
278,170,2,0.0,1.0,0.0,1.0,0.0,1.0,2,641,4,8847,44,3411,40122,1442,6262
469,312,3,0.0,0.0,1.0,0.0,1.0,1.0,2,533,11,11677,311,8609,19750,2141,6197
172,316,1,1.0,0.0,0.0,0.0,0.0,1.0,2,127,4,4289,127,1201,35816,3921,1744
318,9,3,0.0,0.0,1.0,1.0,0.0,0.0,2,260,8,5795,90,5970,13537,4683,6232
489,241,2,1.0,0.0,1.0,0.0,1.0,1.0,1,743,8,8872,378,1719,21304,4732,4040
341,57,3,0.0,1.0,0.0,1.0,0.0,0.0,1,762,3,12474,274,3985,49353,2865,9676
145,240,3,0.0,1.0,0.0,1.0,0.0,0.0,1,138,5,11080,78,6755,16877,1170,6050
82,29,3,1.0,1.0,1.0,0.0,0.0,0.0,1,8,7,6308,252,8263,29019,2724,1186
142,257,3,1.0,1.0,0.0,1.0,0.0,1.0,1,503,12,14554,75,1365,28848,1272,3039
12,266,3,0.0,0.0,1.0,0.0,1.0,0.0,2,832,4,11441,341,5917,38223,3669,7617
622,18,3,0.0,1.0,0.0,1.0,1.0,1.0,2,763,8,7125,353,9112,14159,4446,8579
48,74,3,0.0,0.0,1.0,1.0,0.0,1.0,1,852,13,5863,210,7226,47444,4879,9937
452,150,1,0.0,0.0,1.0,1.0,1.0,1.0,1,408,14,5307,146,1002,17828,1985,1573
276,202,1,0.0,1.0,0.0,0.0,0.0,0.0,2,693,11,9348,37,1687,38052,1515,313
27,4,2,0.0,1.0,0.0,1.0,0.0,0.0,1,354,14,9994,206,5390,48710,2926,600
608,127,3,0.0,1.0,0.0,0.0,1.0,1.0,2,154,10,8017,304,3555,29211,3118,2280
272,55,1,0.0,0.0,1.0,0.0,0.0,1.0,2,567,2,15424,290,4414,18933,1619,9771
375,391,3,0.0,1.0,0.0,1.0,1.0,0.0,1,543,7,7949,216,8832,26848,1147,8434
62,223,2,1.0,0.0,0.0,0.0,0.0,0.0,1,344,2,886,236,2948,36256,3216,9988
398,174,2,1.0,0.0,0.0,1.0,0.0,0.0,2,888,12,2416,303,1128,14084,2273,2522
515,377,3,0.0,1.0,0.0,0.0,1.0,0.0,2,998,11,10704,133,5621,48425,3415,1191
571,18,2,1.0,0.0,0.0,1.0,0.0,0.0,2,826,15,4095,248,9615,28898,4874,3758
235,360,2,0.0,0.0,1.0,0.0,0.0,0.0,2,57,13,7729,91,6287,30601,1938,9527
115,208,2,0.0,1.0,0.0,1.0,0.0,0.0,2,401,6,2728,269,7476,18371,4342,1417
514,48,1,0.0,0.0,1.0,1.0,0.0,1.0,2,573,1,16051,224,7982,19346,2952,4476
385,203,3,0.0,1.0,1.0,1.0,0.0,1.0,2,474,12,8811,426,3725,43284,1558,2943
356,68,1,0.0,1.0,0.0,0.0,1.0,1.0,1,469,11,13173,286,5886,30953,4409,4488
259,93,3,0.0,0.0,1.0,0.0,0.0,0.0,2,652,4,9267,460,5331,25308,2032,7171
238,149,3,0.0,1.0,0.0,1.0,0.0,1.0,2,670,11,10587,341,8542,39805,1630,4857
248,182,3,0.0,0.0,1.0,1.0,0.0,0.0,2,505,13,15560,433,5172,32999,3635,8164
99,309,3,1.0,0.0,0.0,1.0,1.0,1.0,2,901,14,7953,131,3925,35900,3686,5499
335,374,3,1.0,1.0,0.0,1.0,0.0,0.0,1,650,13,1638,285,9775,30880,2716,472
556,58,3,0.0,1.0,0.0,1.0,1.0,1.0,1,932,15,12126,430,8616,26881,2063,9312
570,277,2,0.0,0.0,1.0,1.0,0.0,0.0,1,301,7,7541,108,9143,38236,3258,3180
286,251,3,0.0,0.0,1.0,1.0,1.0,0.0,1,675,5,6396,24,2447,38281,4723,9372
336,78,1,0.0,0.0,1.0,0.0,0.0,0.0,1,666,13,2300,310,6457,14917,2641,7666
320,196,3,1.0,0.0,0.0,0.0,0.0,0.0,1,571,1,8685,163,3505,37123,1729,8044
205,186,3,0.0,0.0,1.0,0.0,1.0,0.0,2,164,12,9269,325,9801,39310,2091,3980
491,211,2,0.0,0.0,1.0,1.0,0.0,0.0,2,337,10,13124,257,4005,23997,4618,3281
19,32,1,0.0,0.0,1.0,0.0,0.0,1.0,2,60,13,15654,197,7426,15552,1441,6392
192,88,3,0.0,1.0,0.0,0.0,0.0,0.0,1,822,12,11739,429,7416,45836,3976,2281
516,227,3,1.0,0.0,0.0,1.0,1.0,1.0,1,934,3,4338,330,3866,17691,1415,7099
292,412,3,0.0,0.0,1.0,1.0,0.0,1.0,2,491,12,9971,334,7718,38241,1153,4294
34,127,3,0.0,1.0,0.0,1.0,0.0,1.0,2,788,4,8855,28,8678,19488,1824,6191
441,48,3,0.0,0.0,1.0,1.0,0.0,0.0,2,450,3,2749,220,4516,45420,1924,3783
359,31,3,0.0,0.0,1.0,0.0,0.0,0.0,2,704,14,4524,448,3440,45552,1018,2695
425,419,3,0.0,0.0,1.0,0.0,1.0,0.0,1,438,6,12331,163,3942,41771,2296,5384
568,114,3,0.0,1.0,0.0,1.0,0.0,0.0,1,564,13,4515,343,7837,20316,3506,6871
406,361,3,0.0,0.0,1.0,1.0,0.0,0.0,2,721,14,8993,476,3032,24851,3567,9647
202,72,2,0.0,1.0,0.0,0.0,1.0,0.0,2,891,5,12514,447,4970,11731,3945,7047
430,193,1,0.0,1.0,0.0,0.0,0.0,1.0,1,220,8,10993,157,2361,21680,1121,2953
278,132,3,1.0,0.0,0.0,0.0,0.0,0.0,1,679,10,13750,317,7059,12079,4309,2518
188,179,1,0.0,0.0,1.0,0.0,0.0,1.0,2,587,2,15694,215,5875,37347,3793,7614
1,303,3,0.0,0.0,1.0,0.0,0.0,1.0,2,283,5,8892,121,1060,33056,1001,7232
195,36,3,0.0,1.0,0.0,0.0,1.0,1.0,1,349,4,16270,98,5188,47634,4385,4686
449,82,1,0.0,1.0,0.0,0.0,0.0,1.0,2,687,9,11156,166,5920,32473,4005,6986
347,75,2,0.0,0.0,1.0,0.0,1.0,0.0,1,5,12,9755,29,8361,34888,1983,6320
118,366,2,0.0,0.0,1.0,0.0,0.0,0.0,2,996,4,11061,46,7928,37181,3665,1997
283,136,3,1.0,0.0,1.0,0.0,0.0,0.0,1,464,9,492,140,4801,35941,4085,2200
591,410,3,0.0,0.0,1.0,0.0,0.0,0.0,2,777,2,6486,201,9519,39967,2271,1830
538,406,3,0.0,1.0,1.0,1.0,0.0,0.0,1,683,2,6804,30,4136,26327,1633,138
90,104,1,0.0,0.0,1.0,0.0,0.0,0.0,2,880,3,12531,222,2186,33616,4084,7114
230,281,1,0.0,1.0,0.0,0.0,1.0,1.0,1,518,8,8853,137,7396,19921,4956,6390
309,333,2,0.0,0.0,1.0,1.0,0.0,1.0,1,574,8,11394,159,8427,30878,3828,8117
238,109,3,1.0,0.0,0.0,0.0,0.0,0.0,1,794,7,6676,277,2117,13881,3330,7874
271,155,1,0.0,0.0,1.0,1.0,0.0,0.0,1,894,13,5597,429,1627,12605,1667,3768
333,209,2,0.0,0.0,1.0,1.0,0.0,0.0,2,535,9,12521,493,5804,18354,1143,9251
590,346,3,0.0,0.0,1.0,0.0,0.0,0.0,1,904,8,7421,373,8192,11893,1281,2585
45,160,2,0.0,0.0,1.0,0.0,0.0,1.0,1,277,5,14750,74,1195,40092,2229,5886
351,366,3,0.0,1.0,0.0,0.0,1.0,1.0,1,285,9,5303,75,7296,16543,3481,3329
405,292,1,0.0,0.0,1.0,0.0,1.0,0.0,2,471,8,6355,257,1383,42086,2427,7326
147,412,3,0.0,0.0,1.0,0.0,0.0,1.0,1,427,2,5547,256,2892,30041,3276,8464
247,171,2,0.0,0.0,1.0,1.0,0.0,1.0,1,282,15,8361,31,9468,40978,3706,1754
404,190,1,0.0,1.0,0.0,0.0,1.0,1.0,2,121,5,9775,268,7481,13941,4653,4552
141,133,3,0.0,1.0,0.0,1.0,0.0,0.0,1,594,13,12127,284,4255,26882,4325,6385
284,302,3,0.0,0.0,1.0,1.0,1.0,0.0,2,982,15,14822,484,1268,49914,3571,6732
254,192,1,0.0,1.0,0.0,1.0,0.0,0.0,2,14,1,3824,195,1508,46170,3828,9368
464,28,1,1.0,0.0,0.0,1.0,0.0,0.0,1,656,4,12667,454,1191,20706,2989,3419
46,245,2,0.0,1.0,0.0,1.0,0.0,1.0,1,456,3,13200,440,6944,31597,2577,3005
374,300,2,0.0,1.0,1.0,1.0,0.0,1.0,2,585,10,1219,182,6162,35849,2959,9865
223,243,3,0.0,0.0,1.0,1.0,1.0,0.0,2,956,14,7551,427,9469,47736,1218,4791
372,387,2,0.0,1.0,0.0,0.0,1.0,0.0,1,161,10,3968,306,9751,42918,1469,5540
232,251,2,0.0,0.0,1.0,0.0,0.0,1.0,2,978,4,3337,164,8693,39386,2007,4728
80,314,2,0.0,1.0,0.0,1.0,0.0,0.0,1,974,1,13417,84,1589,16603,4979,7206
536,229,3,0.0,1.0,0.0,1.0,0.0,1.0,1,716,4,12726,277,8185,31918,4512,1267
215,98,3,0.0,0.0,1.0,1.0,1.0,1.0,2,745,2,15745,145,7855,15758,2329,7552
240,95,2,0.0,0.0,1.0,0.0,1.0,1.0,2,196,15,9474,53,5138,11691,1981,4096
254,247,3,1.0,0.0,1.0,1.0,0.0,1.0,2,192,8,11337,115,9264,31950,1535,3184
363,224,3,0.0,1.0,0.0,0.0,1.0,1.0,1,629,6,5334,434,2230,16515,2094,3239
326,120,3,0.0,0.0,1.0,1.0,0.0,0.0,2,537,10,7885,410,6660,31900,4271,4266
517,147,1,0.0,0.0,1.0,1.0,1.0,1.0,1,881,13,2717,71,7305,11798,2362,6855
181,340,3,1.0,0.0,0.0,1.0,1.0,1.0,1,165,6,710,373,3461,33927,3541,2837
225,347,1,0.0,0.0,1.0,1.0,0.0,1.0,2,107,9,12400,408,3606,17782,4331,8644
302,270,3,0.0,0.0,1.0,0.0,0.0,1.0,2,17,3,14391,390,4489,21637,2469,193
88,373,2,0.0,1.0,0.0,0.0,0.0,1.0,1,576,2,2216,92,2678,28653,2751,1070
292,115,2,0.0,0.0,1.0,1.0,1.0,1.0,2,926,12,15132,299,2716,26859,2201,962
51,366,3,1.0,1.0,0.0,0.0,1.0,1.0,1,713,12,6292,219,7587,20943,3354,5951
606,26,3,0.0,0.0,1.0,1.0,0.0,0.0,2,541,6,15622,261,1572,39633,4205,5519
302,354,3,0.0,0.0,1.0,0.0,0.0,1.0,1,330,13,7256,67,4453,19044,1598,8014
507,121,3,1.0,0.0,0.0,0.0,0.0,0.0,2,481,10,6805,440,4046,24007,4854,525
619,262,3,0.0,1.0,0.0,0.0,0.0,1.0,1,499,6,10049,221,2837,39369,3497,4263
272,39,3,0.0,1.0,0.0,0.0,1.0,0.0,1,969,2,6275,423,6904,31008,3718,8522
439,25,3,0.0,0.0,1.0,0.0,1.0,0.0,2,406,8,15419,284,7079,31469,4583,2723
370,376,3,0.0,1.0,0.0,0.0,1.0,0.0,2,744,5,6528,199,9597,41341,3283,9685
540,52,3,0.0,0.0,1.0,0.0,0.0,0.0,2,94,8,14902,312,7043,46739,1156,4645
584,363,3,0.0,0.0,1.0,0.0,1.0,1.0,2,434,8,14365,205,4612,16696,4031,3184
23,271,3,0.0,0.0,1.0,0.0,0.0,0.0,2,84,12,10247,122,8291,25586,2857,7652
197,32,2,0.0,1.0,1.0,1.0,1.0,1.0,2,844,11,4541,316,3105,18987,1138,7762
332,6,2,0.0,1.0,0.0,0.0,1.0,1.0,2,915,15,14794,369,8409,46685,3830,5411
607,228,1,0.0,1.0,0.0,1.0,0.0,1.0,1,658,11,3558,333,7711,49599,2177,922
37,407,1,0.0,1.0,0.0,1.0,0.0,0.0,2,415,11,7653,72,7239,34154,1426,5198
424,226,3,0.0,1.0,1.0,0.0,0.0,0.0,1,663,12,8126,489,2036,37299,4338,5400
465,134,3,1.0,1.0,0.0,1.0,1.0,1.0,2,979,13,1684,439,1071,22695,3400,5160
211,203,2,0.0,0.0,1.0,1.0,0.0,1.0,2,772,12,15058,432,6447,40320,2586,8721
466,360,1,0.0,0.0,1.0,1.0,0.0,0.0,2,729,6,12252,364,7139,30023,3259,5925
360,266,2,0.0,1.0,0.0,0.0,0.0,0.0,2,912,2,13206,50,5059,42670,2211,6422
191,349,3,0.0,1.0,0.0,1.0,0.0,1.0,2,808,3,12010,352,4072,41607,1179,6254
475,138,2,1.0,0.0,0.0,1.0,1.0,1.0,2,323,4,12593,125,5729,13776,4140,6797
222,362,3,0.0,0.0,1.0,0.0,0.0,0.0,2,557,7,12809,151,6232,16209,1723,9471
526,205,3,0.0,1.0,0.0,0.0,0.0,1.0,2,358,8,1356,83,6388,31955,3317,4063
235,48,3,0.0,1.0,0.0,1.0,1.0,1.0,1,70,15,6550,85,8256,32438,1998,9408
24,5,1,0.0,0.0,1.0,0.0,0.0,1.0,2,515,8,4662,465,2474,36488,4783,9455
534,84,3,0.0,1.0,0.0,0.0,0.0,0.0,2,510,14,10173,463,6669,16867,2898,5980
252,198,3,0.0,0.0,1.0,0.0,0.0,1.0,2,341,7,3435,53,7318,31013,3460,3433
332,221,3,0.0,1.0,0.0,0.0,1.0,1.0,1,222,9,13434,152,6283,46230,2317,6462
236,365,1,0.0,1.0,0.0,1.0,0.0,1.0,2,929,2,6835,430,2260,39350,1759,6152
70,286,3,1.0,1.0,0.0,0.0,1.0,1.0,1,147,8,3429,270,3849,34527,1498,8460
99,58,2,0.0,0.0,1.0,0.0,1.0,0.0,2,290,7,2054,444,3854,32267,2861,8640
146,215,3,0.0,1.0,0.0,1.0,1.0,1.0,1,30,1,15102,414,1174,15887,3812,7834
85,214,2,0.0,0.0,1.0,1.0,0.0,0.0,2,115,10,3328,99,6941,49346,3331,8975
298,332,3,1.0,1.0,1.0,1.0,0.0,0.0,1,509,13,5555,432,5988,46328,1642,8451
249,210,2,0.0,0.0,1.0,0.0,0.0,1.0,2,811,9,9220,224,4871,15818,1342,3091
40,353,2,0.0,1.0,0.0,0.0,0.0,1.0,2,973,15,10303,76,5591,19881,3347,9273
342,86,3,0.0,1.0,0.0,0.0,0.0,1.0,1,177,11,15196,115,8071,14092,2867,9967
167,345,2,0.0,0.0,1.0,1.0,0.0,0.0,2,169,5,7488,93,5396,34324,3410,3465
70,324,3,1.0,1.0,0.0,0.0,1.0,0.0,1,348,14,3108,288,2920,44377,3562,9977
309,391,3,0.0,0.0,1.0,1.0,0.0,1.0,2,377,2,13542,477,1717,15078,2705,8088
492,115,3,0.0,1.0,0.0,0.0,1.0,1.0,2,765,1,7344,314,3547,40351,1377,2433
291,380,3,1.0,0.0,0.0,0.0,0.0,0.0,2,872,5,6040,428,2273,38777,2927,3117
486,47,1,0.0,0.0,1.0,0.0,1.0,1.0,1,890,14,12436,286,5765,22110,4659,6085
221,50,3,0.0,1.0,0.0,0.0,0.0,1.0,2,773,4,15172,192,7129,15340,3313,1571
354,63,3,0.0,1.0,0.0,1.0,0.0,1.0,2,190,6,16237,191,4676,27428,1240,5524
136,296,2,0.0,0.0,1.0,1.0,1.0,0.0,1,137,7,7180,419,6633,41595,1228,8606
56,158,3,1.0,0.0,0.0,1.0,0.0,1.0,2,447,13,12854,495,4645,41573,3708,9130
252,17,3,0.0,0.0,1.0,0.0,0.0,0.0,1,840,9,10664,294,2051,38856,3953,5979
426,167,3,0.0,1.0,0.0,0.0,0.0,1.0,1,255,1,13723,392,8829,43535,2703,3084
396,62,3,1.0,1.0,0.0,1.0,0.0,1.0,2,882,13,14547,58,3398,18601,2820,3582
228,190,1,0.0,0.0,1.0,1.0,0.0,1.0,2,291,13,10293,134,8024,18206,2173,6314
349,278,1,0.0,1.0,0.0,1.0,0.0,0.0,2,942,14,1980,411,7078,18037,3624,7214
16,188,3,0.0,1.0,0.0,1.0,1.0,1.0,2,955,15,9752,401,6558,37220,2008,5825
583,119,3,0.0,1.0,0.0,0.0,0.0,0.0,2,233,2,6798,323,8786,34853,3616,3722
153,279,0,0.0,0.0,1.0,0.0,1.0,0.0,1,646,7,1894,264,7628,17477,2410,8102
405,42,3,0.0,0.0,1.0,1.0,0.0,0.0,1,34,2,11292,269,8106,20772,1391,2105
305,307,1,0.0,0.0,1.0,0.0,1.0,0.0,1,89,12,9966,125,1139,27508,3879,7991
176,259,3,1.0,1.0,0.0,1.0,0.0,1.0,1,45,5,15282,12,3535,38356,1339,4305
69,251,3,0.0,1.0,0.0,1.0,0.0,0.0,2,342,13,1505,106,6097,49687,1545,2840
324,354,3,0.0,1.0,0.0,1.0,0.0,1.0,1,62,2,7607,412,1999,13671,1129,5761
335,360,2,0.0,0.0,1.0,0.0,0.0,0.0,1,954,13,15982,334,1896,26240,3284,2804
477,70,3,0.0,1.0,0.0,0.0,0.0,1.0,1,200,4,3119,193,9342,25226,4899,817
521,208,0,0.0,0.0,1.0,0.0,0.0,0.0,2,430,9,9680,334,4792,45675,2375,7037
55,302,2,0.0,1.0,0.0,0.0,0.0,0.0,2,748,14,6428,389,5482,48782,4091,4371
462,6,3,1.0,0.0,0.0,1.0,1.0,1.0,1,395,10,14466,110,7328,15103,1129,3909
433,193,3,0.0,0.0,1.0,0.0,0.0,1.0,2,731,12,14492,151,2695,28750,2031,6132
393,115,1,0.0,1.0,0.0,0.0,0.0,0.0,2,298,2,11386,453,3472,16197,3548,8555
262,119,2,0.0,1.0,0.0,0.0,1.0,0.0,2,74,7,13903,126,4093,28600,3495,2580
103,351,2,0.0,0.0,1.0,0.0,1.0,1.0,2,394,11,8099,17,3763,18493,2465,9615
392,275,3,0.0,1.0,0.0,1.0,1.0,1.0,2,548,9,6977,260,6741,17411,3858,3440
482,391,3,0.0,1.0,0.0,0.0,0.0,0.0,2,580,3,15732,435,4505,35846,3329,359
563,268,3,1.0,1.0,0.0,0.0,1.0,1.0,2,542,12,13491,342,8082,35495,2935,9390
489,318,3,0.0,0.0,1.0,1.0,1.0,0.0,2,855,3,1036,37,9039,18788,4113,3652
334,5,3,0.0,1.0,0.0,1.0,0.0,0.0,2,834,10,12080,252,5322,41024,3135,5206
13,418,0,0.0,0.0,1.0,1.0,0.0,1.0,2,841,12,12760,114,8538,19334,1342,1686
317,412,2,0.0,0.0,1.0,1.0,0.0,0.0,1,664,8,5949,74,5131,45457,1421,3370
160,135,1,0.0,1.0,0.0,1.0,1.0,1.0,1,218,13,10838,257,2629,12170,3449,5393
329,245,3,1.0,0.0,0.0,1.0,0.0,0.0,1,540,11,12367,364,4521,16037,1859,9413
252,126,1,0.0,0.0,1.0,0.0,0.0,0.0,2,829,7,2632,93,9684,12001,4068,4880
573,164,1,0.0,0.0,1.0,0.0,0.0,1.0,2,624,12,13820,11,2257,46163,1122,8007
0,64,2,0.0,0.0,1.0,1.0,0.0,1.0,2,669,5,14746,433,2879,25506,1546,1766
585,10,1,1.0,0.0,0.0,1.0,0.0,1.0,2,825,14,12167,156,4924,17191,1595,9913
36,90,1,1.0,0.0,0.0,1.0,0.0,0.0,2,422,3,12601,269,7460,15875,1365,8452
204,104,3,0.0,0.0,1.0,1.0,0.0,0.0,2,695,12,11532,415,6067,12141,2420,6652
530,332,3,0.0,0.0,1.0,0.0,0.0,1.0,1,139,10,4084,358,7309,15922,1294,9014
365,416,3,1.0,0.0,1.0,0.0,1.0,1.0,1,213,9,11819,79,4901,37553,3657,4941
208,312,3,0.0,1.0,0.0,0.0,0.0,1.0,2,617,13,10401,343,2262,33057,2996,7328
8,135,3,0.0,0.0,1.0,0.0,1.0,0.0,2,843,14,12662,459,7320,17008,1176,7238
110,232,2,0.0,0.0,1.0,1.0,0.0,1.0,2,839,15,10088,456,9464,17297,1308,3811
100,1,1,0.0,0.0,1.0,0.0,0.0,1.0,1,867,2,10768,305,7615,23940,3187,8694
277,94,3,0.0,0.0,1.0,1.0,0.0,1.0,1,728,9,14312,250,5405,28575,1468,602
210,171,2,0.0,0.0,1.0,0.0,1.0,0.0,2,966,9,9732,374,3028,20158,1067,3201
512,152,3,0.0,1.0,0.0,1.0,0.0,1.0,1,702,15,2641,171,8692,15683,3897,922
463,171,1,1.0,1.0,0.0,1.0,0.0,0.0,2,727,4,7650,118,2630,16602,2545,8992
431,175,1,0.0,0.0,1.0,1.0,0.0,1.0,2,918,6,9109,169,2008,43728,2540,4821
479,227,3,0.0,0.0,1.0,1.0,1.0,1.0,1,717,14,13172,271,6558,39379,3942,4176
599,291,3,0.0,1.0,0.0,0.0,1.0,1.0,2,235,3,14371,91,1294,11244,4874,415
263,285,1,0.0,0.0,1.0,0.0,0.0,0.0,2,68,11,13861,161,5986,41096,4461,9035
83,97,3,0.0,0.0,0.0,1.0,0.0,0.0,2,25,9,2195,239,2538,48292,3549,4126
58,74,3,1.0,0.0,0.0,1.0,1.0,1.0,1,382,9,5955,345,5994,13575,1719,5199
373,146,2,0.0,1.0,0.0,0.0,0.0,0.0,1,217,9,9391,169,2551,15675,3159,3658
376,222,2,0.0,0.0,1.0,1.0,1.0,1.0,2,736,5,10892,321,9411,19876,3300,4858
525,149,1,0.0,1.0,0.0,0.0,0.0,1.0,2,130,2,8389,374,8737,24675,3672,2293
6,325,1,0.0,0.0,1.0,0.0,1.0,0.0,1,350,13,10914,388,1238,27755,3079,9895
123,198,1,0.0,0.0,1.0,1.0,0.0,1.0,2,112,11,5165,84,3438,19307,3106,347
108,177,1,0.0,0.0,1.0,1.0,0.0,1.0,2,167,1,3028,66,7124,49892,1051,1487
371,149,3,0.0,1.0,0.0,1.0,0.0,1.0,2,208,9,267,205,3346,39164,3173,3036
68,163,3,0.0,0.0,1.0,0.0,0.0,0.0,1,439,15,14009,391,9411,29350,1116,1652
161,334,1,0.0,1.0,0.0,1.0,0.0,0.0,1,553,10,7629,363,2338,45246,4232,7002
255,216,3,0.0,0.0,1.0,0.0,1.0,1.0,2,275,7,13606,207,1802,44783,2004,3199
10,195,3,0.0,1.0,0.0,1.0,0.0,0.0,1,975,8,8289,54,5524,45980,2625,9224
504,249,3,1.0,0.0,0.0,1.0,1.0,0.0,1,592,14,8223,384,3690,26966,3838,9693
478,272,2,0.0,1.0,0.0,0.0,0.0,1.0,2,801,10,4787,485,4435,18036,2769,3431
299,401,1,0.0,1.0,1.0,0.0,0.0,1.0,2,938,14,8908,284,5939,12462,4823,5778
581,199,3,0.0,0.0,1.0,1.0,1.0,1.0,1,526,8,15854,152,1919,19947,2212,9925
183,275,3,0.0,1.0,0.0,0.0,0.0,0.0,2,288,2,9923,153,7121,14809,3532,1895
187,336,3,0.0,0.0,1.0,0.0,0.0,0.0,2,470,9,9988,165,8485,28130,4066,2522
224,270,3,0.0,1.0,0.0,0.0,0.0,0.0,2,327,13,7483,390,3294,25629,2913,3944
420,237,3,1.0,0.0,0.0,1.0,0.0,1.0,1,122,11,13636,470,3761,16695,3365,1468
362,140,3,0.0,1.0,0.0,1.0,1.0,0.0,1,995,5,8761,134,7289,46918,3662,5652
338,95,3,0.0,0.0,1.0,1.0,0.0,0.0,1,508,8,13378,56,2205,33490,3878,7385
406,260,3,0.0,0.0,1.0,1.0,0.0,1.0,1,229,12,4687,393,9685,35535,2301,7360
415,24,3,0.0,1.0,0.0,0.0,1.0,1.0,2,674,9,10212,56,2289,49417,3825,6341
78,270,3,0.0,1.0,0.0,1.0,0.0,1.0,2,596,4,12172,407,6213,24009,2403,4112
300,388,3,0.0,1.0,0.0,0.0,0.0,0.0,1,446,1,9464,381,6876,12893,2364,5297
275,323,1,0.0,0.0,1.0,0.0,1.0,0.0,2,118,13,14543,70,7547,38526,4510,2860
458,280,3,1.0,0.0,0.0,0.0,1.0,1.0,1,465,4,7702,85,3561,24945,4504,7229
621,357,3,0.0,0.0,1.0,1.0,0.0,0.0,1,26,15,4209,478,4408,36883,2990,5157
391,183,3,1.0,1.0,0.0,0.0,0.0,1.0,2,111,6,4696,133,4765,22618,2706,7987
620,354,1,0.0,0.0,1.0,0.0,1.0,1.0,1,150,13,10085,99,4849,39202,1865,4218
149,301,3,0.0,1.0,0.0,0.0,1.0,1.0,1,153,7,3809,240,6178,31855,2858,4599
413,268,3,0.0,1.0,0.0,1.0,1.0,1.0,1,529,11,11173,236,1991,11507,2152,8627
474,220,2,0.0,0.0,1.0,0.0,0.0,1.0,2,697,9,10457,438,6518,30281,3153,6338
573,116,2,0.0,0.0,1.0,0.0,1.0,1.0,2,622,4,4106,485,6630,37478,1523,8482
288,352,3,0.0,1.0,0.0,1.0,0.0,0.0,1,462,15,1935,235,4278,49367,2552,7117
125,321,3,0.0,0.0,1.0,1.0,0.0,0.0,2,599,2,12051,446,2857,49871,2299,9361
137,321,3,0.0,1.0,0.0,1.0,0.0,0.0,1,140,6,15180,329,5117,15686,1188,2409
155,85,3,1.0,0.0,1.0,1.0,0.0,1.0,2,750,15,7433,99,8243,44949,3902,2138
372,405,3,1.0,0.0,0.0,0.0,1.0,1.0,2,261,9,15261,161,9003,30226,1585,1711
414,315,3,1.0,0.0,0.0,0.0,1.0,1.0,1,962,7,3983,330,5500,17380,4215,2070
575,30,3,0.0,0.0,1.0,0.0,0.0,0.0,1,324,13,7063,101,2673,38564,4900,8869
77,106,3,0.0,1.0,0.0,1.0,0.0,1.0,1,898,4,5131,82,6884,13933,4029,2600
361,69,1,0.0,0.0,1.0,0.0,0.0,1.0,2,249,14,8820,454,1679,48422,2972,3623
278,143,2,0.0,0.0,1.0,0.0,1.0,1.0,2,451,2,7069,69,4340,32924,1151,2061
0,218,2,0.0,0.0,1.0,1.0,0.0,0.0,1,411,9,3866,311,6626,21450,3121,4411
450,247,3,0.0,1.0,0.0,0.0,0.0,1.0,1,608,1,4605,385,8129,39557,4683,8218
611,102,3,0.0,0.0,1.0,0.0,0.0,0.0,2,20,11,1998,403,3120,14907,3381,5610
258,360,1,1.0,1.0,0.0,0.0,0.0,0.0,2,329,1,3529,177,1146,28046,1847,5542
355,40,3,1.0,0.0,0.0,1.0,0.0,0.0,2,297,3,15150,303,1661,37270,1750,2326
565,385,2,1.0,0.0,0.0,0.0,0.0,1.0,1,270,10,3786,95,3032,24907,4398,6876
29,235,1,1.0,0.0,0.0,0.0,0.0,0.0,1,227,5,15210,163,1602,12161,2133,3960
524,314,3,0.0,1.0,0.0,0.0,1.0,1.0,1,95,11,5494,468,7989,45785,2445,2832
1,290,2,0.0,1.0,0.0,0.0,1.0,0.0,2,516,8,8709,256,5460,28027,2331,5347
404,330,3,0.0,0.0,1.0,1.0,0.0,1.0,1,842,10,8825,211,8411,35162,1435,9506
595,109,3,0.0,1.0,0.0,0.0,0.0,1.0,2,638,14,9330,441,2546,19531,3404,8894
481,57,3,0.0,1.0,1.0,1.0,0.0,1.0,2,281,14,15856,11,4606,31947,1607,668
317,383,3,1.0,0.0,0.0,1.0,0.0,1.0,1,287,8,5459,107,9758,36097,2104,8442
343,407,3,0.0,1.0,0.0,0.0,0.0,0.0,1,590,12,14523,260,5627,36785,2102,3690
530,41,1,0.0,0.0,1.0,1.0,1.0,1.0,2,931,5,16177,205,1584,42898,2798,1742
3,253,2,1.0,0.0,0.0,0.0,1.0,0.0,2,445,10,3630,274,1489,18833,2738,7490
472,244,1,0.0,0.0,1.0,0.0,0.0,1.0,2,185,2,14693,279,4490,36763,3007,2907
208,295,3,0.0,0.0,1.0,0.0,0.0,1.0,2,372,3,7036,247,4904,26960,4280,6013
404,96,1,0.0,0.0,1.0,1.0,0.0,0.0,2,873,8,4839,244,7653,43567,2553,4888
324,418,3,1.0,0.0,0.0,0.0,0.0,1.0,2,977,8,2776,163,7509,27766,1255,9701
12,410,1,0.0,0.0,1.0,0.0,0.0,1.0,1,276,10,7308,107,6059,45152,3499,9848
397,126,2,0.0,0.0,1.0,0.0,1.0,1.0,1,807,13,9010,183,2717,23632,3104,7804
313,84,2,0.0,1.0,0.0,0.0,0.0,1.0,1,936,8,4439,56,3011,17358,1254,3243
20,223,3,1.0,0.0,0.0,0.0,0.0,1.0,1,183,3,14882,448,2818,15933,4199,5800
531,192,2,0.0,0.0,1.0,0.0,0.0,0.0,2,33,8,537,439,5160,14558,3061,8714
618,409,3,1.0,0.0,0.0,1.0,0.0,0.0,2,81,9,9812,237,5690,24704,3756,1848
311,57,1,1.0,0.0,1.0,1.0,1.0,1.0,1,308,12,14350,400,7038,22085,2433,1007
558,148,2,0.0,0.0,1.0,0.0,0.0,0.0,2,771,6,7596,68,4129,46461,1919,2305
403,309,3,0.0,1.0,0.0,1.0,0.0,1.0,1,12,13,10660,220,1406,33908,2907,6822
617,100,3,0.0,1.0,0.0,0.0,0.0,0.0,1,44,6,9456,23,4490,27244,4164,4123
39,16,2,0.0,1.0,0.0,1.0,0.0,1.0,2,87,10,13925,155,6131,12814,3659,5874
341,151,3,0.0,1.0,0.0,1.0,0.0,0.0,2,779,1,9479,156,2134,24900,4924,1120
503,403,2,1.0,0.0,0.0,1.0,1.0,1.0,1,37,14,1314,438,2151,47966,3433,9189
330,177,1,1.0,0.0,0.0,0.0,1.0,1.0,1,981,15,6701,457,8962,25559,4592,6369
133,54,3,0.0,0.0,1.0,1.0,0.0,1.0,1,59,4,9656,168,2476,17009,1847,1568
350,349,3,0.0,1.0,0.0,1.0,0.0,1.0,2,42,4,7236,13,9234,42601,4639,4298
433,308,3,0.0,1.0,0.0,0.0,0.0,1.0,1,783,9,12630,55,6592,17772,3007,3217
582,175,1,0.0,0.0,1.0,0.0,0.0,1.0,2,412,7,4511,384,8739,31423,3584,9915
210,15,3,0.0,0.0,1.0,1.0,0.0,0.0,1,563,13,13856,39,4226,35594,4993,1087
241,69,1,0.0,1.0,0.0,0.0,1.0,0.0,2,210,2,4655,426,5897,34165,2522,7145
540,393,3,1.0,0.0,0.0,0.0,0.0,1.0,1,149,12,1923,79,2306,27524,3809,3401
347,301,3,0.0,0.0,1.0,1.0,0.0,0.0,1,740,11,272,495,2666,13841,2777,3269
60,46,2,0.0,0.0,1.0,0.0,0.0,0.0,2,595,6,12635,440,9281,15675,3351,3429
345,375,1,0.0,0.0,1.0,0.0,1.0,1.0,1,124,2,12121,122,7361,49965,1801,3712
468,82,2,1.0,0.0,0.0,0.0,0.0,1.0,1,735,5,15145,349,7263,31923,1459,2970
237,248,3,0.0,0.0,1.0,1.0,0.0,1.0,1,575,15,2786,441,7336,44672,4661,2915
287,339,1,0.0,0.0,1.0,0.0,0.0,0.0,2,99,2,11933,170,4104,40166,3577,9176
349,235,1,0.0,1.0,0.0,1.0,0.0,1.0,2,378,4,11799,463,5434,23853,2842,7573
542,299,2,0.0,0.0,1.0,1.0,0.0,0.0,1,131,1,830,60,2988,15586,3060,267
120,75,1,0.0,0.0,1.0,1.0,0.0,1.0,2,700,5,7636,203,7974,43113,4192,8072
520,101,1,0.0,0.0,1.0,0.0,0.0,1.0,1,24,6,1212,302,3292,24699,2105,5199
302,170,3,1.0,1.0,1.0,1.0,1.0,1.0,2,870,3,10678,434,8678,35648,2844,7386
293,88,3,0.0,0.0,1.0,0.0,0.0,1.0,1,556,14,16383,47,3827,46414,1300,7544
121,100,2,0.0,0.0,1.0,1.0,0.0,1.0,1,371,1,15989,441,3679,30162,4003,4397
550,341,3,0.0,1.0,0.0,1.0,0.0,1.0,1,513,10,3523,133,1956,20121,1665,7491
270,216,3,0.0,0.0,1.0,0.0,0.0,1.0,2,384,5,1381,374,4764,45754,3079,5444
532,157,2,0.0,1.0,0.0,0.0,0.0,0.0,2,202,1,10949,93,6166,42301,1573,6647
164,85,1,0.0,0.0,1.0,0.0,0.0,1.0,2,369,1,12354,56,4893,32316,1916,8357
491,297,3,0.0,1.0,0.0,0.0,1.0,1.0,2,555,5,6353,55,6780,21073,4192,1065
504,371,1,0.0,0.0,1.0,1.0,0.0,1.0,2,611,8,11158,151,3387,23466,4410,6001
361,270,3,0.0,0.0,1.0,0.0,0.0,0.0,1,388,15,7020,372,9575,34988,1283,6110
17,345,3,0.0,1.0,0.0,1.0,1.0,0.0,2,862,7,15483,102,7513,26103,2302,4377
318,67,3,0.0,1.0,0.0,1.0,0.0,0.0,1,817,2,14729,459,9263,35299,1288,2652
621,6,3,0.0,0.0,1.0,0.0,0.0,1.0,2,293,15,5547,95,1136,39992,3920,6245
169,291,3,0.0,1.0,0.0,1.0,0.0,0.0,2,691,15,6263,464,1776,43230,3827,3809
562,312,3,1.0,0.0,0.0,1.0,1.0,1.0,2,257,5,14215,336,7915,31426,3895,5952
480,146,2,0.0,0.0,1.0,0.0,1.0,1.0,2,607,6,12586,170,8175,33366,2535,8237
186,300,3,0.0,1.0,0.0,1.0,1.0,1.0,2,198,3,12313,310,5017,11931,4768,5393
281,397,3,0.0,0.0,1.0,0.0,1.0,0.0,2,96,14,15833,322,8236,42980,3298,1972
296,89,2,0.0,1.0,0.0,0.0,0.0,0.0,1,963,6,16199,40,6454,11615,1989,2862
250,12,3,0.0,1.0,0.0,1.0,1.0,1.0,1,944,2,11191,428,9923,24386,3058,1805
607,25,3,0.0,0.0,1.0,0.0,1.0,0.0,2,170,4,11595,161,1816,31674,2820,2539
527,395,3,0.0,0.0,1.0,1.0,1.0,0.0,1,582,3,16007,210,2135,16606,3971,4458
494,225,3,1.0,0.0,0.0,1.0,0.0,0.0,2,306,3,3353,457,7815,38540,2302,7646
64,333,3,0.0,0.0,1.0,1.0,1.0,0.0,0,561,2,14844,44,5383,20927,1067,149
446,343,1,0.0,0.0,1.0,1.0,1.0,0.0,2,854,10,10869,48,6869,16033,4907,1081
222,152,3,0.0,1.0,0.0,1.0,0.0,0.0,1,374,14,12456,219,1504,36216,3121,8505
341,364,3,1.0,0.0,0.0,1.0,1.0,1.0,2,720,14,6083,145,2932,13962,2025,5542
116,256,3,1.0,1.0,0.0,1.0,1.0,1.0,2,792,2,1924,454,1497,33444,2839,2946
378,255,1,0.0,0.0,1.0,0.0,0.0,0.0,2,228,12,9462,385,1690,46131,4511,5860
350,353,3,1.0,0.0,0.0,0.0,0.0,1.0,2,661,1,9956,491,8587,43088,2172,9679
612,86,3,0.0,0.0,1.0,0.0,0.0,1.0,1,144,15,9795,414,3600,42422,3705,449
53,377,3,0.0,0.0,1.0,1.0,0.0,0.0,1,847,12,14345,275,4359,11787,4289,9642
306,129,3,0.0,0.0,1.0,0.0,1.0,1.0,2,181,7,9183,400,5937,24971,3738,8179
602,188,1,0.0,1.0,0.0,1.0,0.0,0.0,2,869,2,7825,90,9728,40769,1545,712
340,46,2,0.0,0.0,1.0,0.0,0.0,0.0,1,132,5,5960,254,4802,36006,4511,7542
97,207,3,0.0,0.0,1.0,0.0,0.0,1.0,1,950,9,2716,314,2719,33706,2244,9971
459,54,3,1.0,0.0,0.0,0.0,0.0,1.0,1,48,7,4841,345,5769,48034,1756,5691
74,28,3,0.0,0.0,1.0,1.0,0.0,1.0,2,775,10,7339,48,5204,27184,3759,7638
274,390,2,1.0,0.0,0.0,0.0,1.0,1.0,2,325,6,6930,279,9306,39835,4201,6776
232,233,2,0.0,0.0,1.0,1.0,0.0,1.0,2,204,11,15220,259,6694,47174,1988,2119
79,49,1,1.0,0.0,1.0,1.0,1.0,1.0,1,85,3,7068,192,9160,42976,1264,3364
22,193,3,1.0,1.0,1.0,0.0,0.0,0.0,1,634,10,5704,25,4135,30522,3131,383
488,266,1,0.0,0.0,1.0,1.0,1.0,1.0,1,566,7,6157,378,4716,21846,1397,4032
374,2,3,0.0,1.0,0.0,0.0,0.0,1.0,2,612,11,6866,212,7582,23720,3721,8031
382,404,2,0.0,0.0,1.0,1.0,1.0,0.0,1,399,11,10362,116,5780,38332,4270,5574
144,93,1,0.0,0.0,1.0,1.0,0.0,1.0,2,897,5,10992,384,3341,43330,3532,4609
567,388,3,0.0,0.0,1.0,0.0,0.0,1.0,1,92,10,12321,485,4168,46699,3721,6759
315,24,3,0.0,1.0,0.0,1.0,0.0,0.0,1,83,5,9462,192,5559,36174,4768,9406
198,203,3,1.0,0.0,0.0,0.0,0.0,1.0,2,431,1,4130,34,6330,15837,1888,3241
127,370,1,0.0,0.0,1.0,0.0,0.0,1.0,2,780,2,5196,404,5876,22440,3104,5634
44,202,3,0.0,0.0,1.0,0.0,0.0,0.0,2,120,7,3380,59,6911,31176,4771,6040
124,20,3,0.0,0.0,1.0,1.0,0.0,1.0,2,871,6,12488,277,6698,43966,2016,9905
26,348,3,0.0,0.0,1.0,0.0,1.0,1.0,2,292,2,9856,176,7972,32057,3847,8688
429,308,3,0.0,1.0,0.0,0.0,0.0,1.0,2,58,3,12316,412,3240,39430,4344,5210
600,267,2,0.0,0.0,1.0,1.0,0.0,0.0,1,322,1,5955,223,8117,22087,1184,9605
467,363,3,0.0,1.0,0.0,0.0,1.0,1.0,2,258,6,7567,95,9326,18498,4035,1350
75,266,1,1.0,0.0,0.0,1.0,0.0,0.0,1,889,1,7287,293,4672,41329,4326,8965
220,366,1,1.0,0.0,0.0,0.0,0.0,0.0,1,948,6,2322,135,4806,36783,1420,8196
276,267,3,0.0,0.0,1.0,0.0,1.0,0.0,2,443,3,16092,485,2812,33886,1167,5678
51,394,1,1.0,1.0,0.0,0.0,0.0,0.0,2,43,5,13728,230,2907,49084,4165,9191
402,191,1,0.0,0.0,1.0,0.0,0.0,1.0,2,618,12,15369,231,6047,46892,2215,3623
95,172,3,0.0,1.0,0.0,1.0,0.0,0.0,1,389,1,5357,49,3607,26470,2744,1481
173,236,3,1.0,0.0,0.0,0.0,0.0,1.0,1,336,3,14833,418,4360,31173,4225,8630
210,251,3,0.0,1.0,0.0,0.0,0.0,0.0,1,274,1,16201,463,3668,44065,3861,2582
401,381,2,0.0,0.0,1.0,1.0,0.0,1.0,2,757,6,7707,115,5820,42334,2269,449
47,145,2,0.0,1.0,0.0,1.0,0.0,1.0,1,489,2,10955,159,9960,11946,1728,6135
41,140,3,1.0,0.0,0.0,1.0,0.0,0.0,2,551,7,3234,452,8876,11692,2357,3535
512,48,3,0.0,1.0,0.0,1.0,1.0,0.0,1,902,4,2452,39,6043,16074,1996,399
489,265,1,1.0,1.0,0.0,1.0,0.0,0.0,2,54,7,381,33,8032,38542,3681,985
229,319,3,0.0,1.0,0.0,1.0,0.0,1.0,2,933,1,9934,65,9551,21785,3971,5296
523,181,1,0.0,0.0,1.0,1.0,0.0,0.0,2,937,4,13611,157,7251,30581,2166,1570
266,155,1,1.0,1.0,0.0,0.0,0.0,0.0,2,129,6,959,346,1517,12881,2079,1911
77,21,2,1.0,0.0,0.0,0.0,0.0,1.0,1,803,12,5586,462,8069,48016,1024,6166
307,84,1,1.0,0.0,0.0,1.0,1.0,1.0,1,29,3,1224,368,2903,39807,4775,5405
14,346,3,0.0,1.0,0.0,1.0,0.0,1.0,2,184,6,6315,229,3101,15926,3579,3194
153,111,1,0.0,0.0,1.0,0.0,0.0,0.0,2,883,6,14292,136,7995,36363,2282,7828
296,219,1,0.0,0.0,1.0,1.0,1.0,1.0,1,460,8,7379,222,7859,39931,1556,521
233,120,2,0.0,0.0,1.0,0.0,0.0,1.0,2,511,13,7830,210,3735,26284,4120,1113
245,417,3,0.0,0.0,1.0,0.0,1.0,1.0,2,676,3,11093,370,4199,39091,2829,187
104,118,3,0.0,0.0,1.0,1.0,0.0,1.0,1,152,5,16069,135,5195,27848,4779,2869
372,203,3,1.0,0.0,0.0,0.0,1.0,1.0,2,245,7,13901,354,5458,34776,1178,4121
66,61,3,0.0,0.0,1.0,1.0,0.0,0.0,2,715,3,6143,70,5143,17869,4518,4914
139,215,2,0.0,1.0,1.0,1.0,0.0,1.0,1,544,5,8520,219,6395,47483,2359,1146
113,43,3,1.0,0.0,0.0,0.0,1.0,1.0,2,545,11,12942,124,3258,18837,4142,9360
482,76,1,0.0,1.0,0.0,0.0,0.0,1.0,2,640,13,15695,277,2094,33403,3694,4175
301,392,3,0.0,1.0,0.0,1.0,0.0,0.0,2,698,1,8689,76,3153,31425,2108,8560
419,362,2,0.0,0.0,1.0,0.0,0.0,1.0,2,266,11,7043,451,8552,40327,4770,2869
251,387,3,0.0,0.0,1.0,0.0,0.0,0.0,2,289,11,12405,377,2200,33191,3699,6639
491,248,3,0.0,1.0,0.0,0.0,0.0,0.0,0,424,14,8789,111,6255,39621,1608,5771
143,384,3,0.0,1.0,0.0,1.0,1.0,1.0,2,911,5,902,344,9721,12515,1253,6272
324,405,3,1.0,0.0,0.0,1.0,0.0,1.0,2,148,2,13037,365,2742,29443,2821,8053
91,400,1,1.0,0.0,0.0,0.0,1.0,1.0,1,660,3,15678,474,5134,44073,3887,6980
134,27,2,0.0,0.0,1.0,0.0,0.0,0.0,1,798,2,621,310,7771,28632,4251,7526
219,130,3,0.0,1.0,0.0,0.0,0.0,0.0,2,967,9,770,443,7845,31651,1615,1754
81,335,2,0.0,0.0,1.0,0.0,1.0,0.0,2,178,4,5848,423,8967,33692,4369,2213
512,388,2,0.0,0.0,1.0,0.0,0.0,1.0,1,100,3,6513,410,1049,30480,3374,418
21,57,2,0.0,0.0,1.0,1.0,0.0,1.0,2,851,9,6234,127,2517,31225,1524,9918
421,138,2,0.0,0.0,1.0,0.0,0.0,0.0,2,449,10,2921,143,3891,22826,1694,6868
2,376,1,0.0,1.0,0.0,0.0,0.0,1.0,2,432,10,10849,140,8871,35489,3043,2982
378,75,1,0.0,0.0,1.0,1.0,0.0,1.0,1,848,7,2452,407,4176,49990,4235,8656
189,34,3,0.0,1.0,0.0,1.0,0.0,1.0,2,710,12,5051,271,4915,40709,1773,8942
43,113,3,0.0,0.0,1.0,1.0,0.0,1.0,2,756,12,9236,327,4416,29324,2317,5216
338,276,1,0.0,0.0,1.0,1.0,1.0,0.0,1,116,10,15762,409,8644,17548,3153,8935
482,192,3,0.0,1.0,0.0,1.0,0.0,1.0,1,917,4,9045,57,8347,37928,2420,6980
132,80,3,0.0,0.0,1.0,1.0,0.0,0.0,1,778,12,10596,276,1314,13159,1069,135
464,335,2,0.0,0.0,1.0,0.0,0.0,0.0,2,73,7,12851,495,1451,38938,4731,5927
446,184,3,0.0,0.0,1.0,0.0,0.0,0.0,2,846,6,8817,470,8737,14332,4257,9937
241,69,3,1.0,0.0,1.0,1.0,1.0,1.0,1,538,4,8581,48,5478,24840,4228,6588
381,371,3,0.0,0.0,1.0,1.0,0.0,1.0,0,678,1,13053,35,8522,29610,3166,2803
39,302,2,0.0,1.0,0.0,0.0,1.0,0.0,1,850,13,9099,60,6366,28006,1942,3299
471,73,3,0.0,0.0,1.0,0.0,0.0,1.0,1,984,10,9370,60,2015,49333,3997,6689
402,104,1,0.0,1.0,0.0,1.0,0.0,1.0,2,175,11,12434,417,8817,23748,2786,6540
336,347,2,0.0,0.0,1.0,0.0,1.0,1.0,1,88,6,4868,328,4197,24001,4413,5463
133,0,3,0.0,0.0,1.0,1.0,1.0,0.0,1,552,10,16081,100,4262,39926,1198,7400
203,269,3,0.0,0.0,1.0,0.0,1.0,0.0,1,487,11,1268,185,1203,25414,2971,5142
447,378,2,1.0,1.0,0.0,0.0,1.0,1.0,2,706,4,419,266,8124,32650,4083,4053
95,276,3,0.0,0.0,1.0,0.0,0.0,0.0,1,315,10,11079,381,9837,31811,4168,2555
300,179,2,0.0,1.0,0.0,1.0,0.0,0.0,2,397,13,15239,389,4406,13994,4363,2524
124,376,3,0.0,0.0,1.0,1.0,0.0,1.0,2,601,11,3292,173,3789,30627,3605,4496
483,156,3,0.0,0.0,1.0,1.0,0.0,1.0,2,473,11,13815,199,5290,28304,4959,7416
606,152,3,1.0,0.0,0.0,0.0,0.0,1.0,1,71,2,6783,39,4731,44576,3372,7208
576,374,3,1.0,0.0,0.0,0.0,0.0,1.0,1,600,4,6033,326,9996,28857,2722,1775
346,273,3,1.0,0.0,0.0,1.0,0.0,0.0,2,805,8,10994,162,2848,38773,3838,5569
484,293,1,0.0,1.0,0.0,1.0,1.0,1.0,2,755,1,2535,201,1307,30680,2445,5831
65,164,3,1.0,0.0,1.0,0.0,0.0,1.0,2,278,6,3910,339,3187,28653,3637,6832
577,85,3,1.0,0.0,0.0,1.0,0.0,1.0,2,724,14,12283,458,6074,16730,3683,3605
23,280,2,0.0,0.0,1.0,0.0,1.0,1.0,1,10,2,6372,79,8365,21283,2279,5294
26,381,3,0.0,0.0,1.0,0.0,1.0,1.0,2,360,15,8888,417,1816,27309,2759,2806
140,59,1,0.0,0.0,1.0,1.0,1.0,1.0,2,708,3,11490,96,1844,20190,1329,4683
280,103,3,0.0,0.0,1.0,0.0,0.0,1.0,2,764,9,2503,46,9467,43626,2469,9289
497,328,1,0.0,0.0,1.0,1.0,0.0,1.0,1,836,10,15997,50,8282,11515,4964,4497
367,379,3,0.0,1.0,0.0,1.0,0.0,1.0,2,193,1,9409,226,9089,29293,2407,975
358,112,3,0.0,0.0,1.0,0.0,1.0,1.0,2,630,15,10578,129,4805,47133,1479,2359
185,299,1,0.0,1.0,0.0,0.0,1.0,1.0,1,560,4,9240,199,8845,18211,2459,4654
616,388,2,0.0,0.0,1.0,1.0,0.0,1.0,1,685,3,5093,47,3782,18235,2680,2251
