user,pc,Authority,Through_pwd,Through_pin,Through_MFA,Data Modification,Confidential Data Access,Confidential File Transfer,External Destination,Target,Container_ID,Requested_CPU,Requested_Memory_MB,Requested_Storage_GB,Execution_Start_Time_ms,Execution_Finish_Time_ms,Makespan_ms,Total_Data_Transferred_MB
User_0971,PC_0258,manager,0,0,1,0,0,1,internal,0,1,10,10808,130,3800,35042,3606,6138
User_0208,PC_0307,staff,1,0,0,1,0,0,external,1,2,3,831,427,6310,26086,1972,8836
User_0265,PC_0259,manager,0,0,1,1,0,1,internal,0,3,14,7285,446,3610,28387,2384,8683
User_0178,PC_0154,staff,0,1,0,0,1,1,internal,0,4,2,6355,386,2104,38042,4937,5389
User_0556,PC_0095,senior manager,0,0,1,0,1,0,external,0,5,12,9755,29,8361,34888,1983,6320
User_0508,PC_0259,staff,0,0,1,0,1,1,external,1,6,1,3448,84,5199,37514,2511,396
User_0648,PC_0242,staff,0,1,0,0,0,0,external,1,7,7,3434,409,4854,29323,1351,6573
User_0123,PC_0037,staff,1,1,1,0,,0,external,1,8,7,6308,252,8263,29019,2724,1186
User_0437,PC_0082,senior manager,0,1,1,0,0,0,external,0,9,12,2990,232,2914,20890,2951,6459
User_0034,PC_0340,senior manager,0,0,1,0,1,1,external,0,10,2,6372,79,8365,21283,2279,5294
User_0359,PC_0445,staff,0,0,1,0,1,0,external,0,11,7,15819,321,4072,29279,4293,5905
User_0648,PC_0374,staff,0,1,0,1,0,1,external,1,12,13,10660,220,1406,33908,2907,6822
User_0864,PC_0118,staff,0,0,1,0,1,1,internal,1,13,8,10800,110,1166,48952,1752,9408
User_0411,PC_0238,manager,0,1,0,1,0,0,internal,0,14,1,3824,195,1508,46170,3828,9368
User_0948,PC_0184,manager,0,0,1,1,,1,external,0,15,9,10103,141,2661,48663,2024,595
User_0075,PC_0169,staff,0,0,1,1,0,0,internal,0,16,7,10027,120,4664,20343,1545,3095
User_0483,PC_0329,staff,0,0,1,0,0,1,internal,0,17,3,14391,390,4489,21637,2469,193
User_0234,PC_0083,staff,0,1,0,0,1,0,external,0,18,8,2459,141,1680,45724,1078,4424
User_0722,PC_0461,staff,1,0,0,0,0,0,internal,0,19,7,1646,29,3524,40134,2259,6493
User_0983,PC_0127,staff,0,0,1,0,0,0,internal,0,20,11,1998,403,3120,14907,3381,5610
User_0963,PC_0456,staff,0,0,1,0,0,0,internal,1,21,15,2181,33,6260,44575,1888,820
User_0662,PC_0145,manager,0,0,1,0,1,0,external,0,22,13,875,236,5357,15827,4420,5175
User_0530,PC_0487,manager,0,1,0,1,0,1,external,0,23,8,1530,163,2363,41607,4169,6425
User_0827,PC_0125,manager,0,0,1,0,0,1,external,1,24,6,1212,302,3292,24699,2105,5199
User_0124,PC_0121,staff,0,,0,1,0,0,internal,0,25,9,2195,239,2538,48292,3549,4126
User_0994,PC_0430,staff,0,0,1,1,0,0,external,0,26,15,4209,478,4408,36883,2990,5157
User_0668,PC_0380,staff,1,0,0,0,0,0,internal,0,27,5,10829,319,8742,16313,2500,6910
User_0324,PC_0052,staff,0,1,0,0,0,0,internal,0,28,3,16257,497,9752,24598,4998,1206
User_0488,PC_0106,manager,1,0,0,1,1,1,external,1,29,3,1224,368,2903,39807,4775,5405
User_0230,PC_0263,staff,0,1,0,1,1,1,external,0,30,1,15102,414,1174,15887,3812,7834
User_0344,PC_0255,staff,0,0,1,1,1,1,internal,0,31,12,9764,211,3230,14854,1920,6774
User_0520,PC_0239,manager,0,1,0,1,1,0,internal,1,32,15,9491,47,5287,25536,1549,9663
User_0849,PC_0238,senior manager,0,0,1,0,0,0,internal,1,33,8,537,439,5160,14558,3061,8714
User_0650,PC_0053,staff,0,0,1,1,0,0,external,0,34,2,11292,269,8106,20772,1391,2105
User_0787,PC_0165,staff,1,0,0,0,1,1,internal,1,35,3,15616,197,4171,47343,4418,5361
User_0133,PC_0390,staff,0,0,1,0,1,0,internal,1,36,8,6518,66,2567,46186,3357,863
User_0801,PC_0479,senior manager,1,0,0,1,1,1,external,0,37,14,1314,438,2151,47966,3433,9189
User_0551,PC_0298,staff,0,0,1,0,0,1,internal,0,38,8,4549,29,8619,44769,4280,9244
User_0081,PC_0219,staff,0,0,1,,1,1,external,1,39,14,10980,282,7033,30229,2380,5791
User_0864,PC_0372,staff,0,0,1,0,1,0,internal,1,40,11,12276,128,9560,20673,1973,7159
User_0323,PC_0321,staff,0,1,0,0,1,1,external,1,41,4,5434,80,5946,38877,4672,4579
User_0559,PC_0422,staff,0,1,0,1,0,1,internal,0,42,4,7236,13,9234,42601,4639,4298
User_0077,PC_0468,manager,1,1,0,0,0,0,internal,0,43,5,13728,230,2907,49084,4165,9191
User_0990,PC_0124,staff,0,1,0,0,0,0,external,0,44,6,9456,23,4490,27244,4164,4123
User_0279,PC_0318,staff,1,1,0,1,0,1,external,0,45,5,15282,12,3535,38356,1339,4305
User_0370,PC_0069,staff,0,0,1,1,0,0,external,0,46,14,1485,225,5173,27806,3644,3741
User_0497,PC_0479,staff,0,1,0,1,0,0,external,0,47,15,9483,238,2293,34099,4516,3643
User_0725,PC_0070,staff,1,0,0,0,0,1,external,0,48,7,4841,345,5769,48034,1756,5691
User_0405,PC_0082,manager,0,0,1,1,1,0,external,0,49,2,8723,195,5796,30094,2045,7343
User_0484,PC_0112,staff,0,0,1,0,0,1,internal,0,50,7,2996,64,7871,21589,3338,6216
User_0291,PC_0179,staff,0,0,1,0,1,1,internal,0,51,10,2545,397,3972,12657,4556,6433
User_0508,PC_0348,staff,0,1,0,0,0,1,internal,0,52,7,1495,385,4922,43764,4855,861
User_0693,PC_0371,staff,1,0,0,0,1,1,external,0,53,1,5626,263,5997,14164,3353,2507
User_0778,PC_0324,manager,1,1,0,1,0,0,internal,0,54,7,381,33,8032,38542,3681,985
User_0198,PC_0136,staff,0,1,0,0,0,1,external,0,55,5,12513,171,1992,29437,4199,6322
User_0553,PC_0114,staff,1,1,0,1,1,1,internal,0,56,3,12760,167,9112,49505,3672,2743
User_0375,PC_0433,senior manager,0,0,1,0,0,0,internal,0,57,13,7729,91,6287,30601,1938,9527
User_0687,PC_0373,staff,0,1,0,0,0,1,internal,1,58,3,12316,412,3240,39430,4344,5210
User_0208,PC_0070,staff,0,0,1,1,0,1,external,0,59,4,9656,168,2476,17009,1847,1568
User_0030,PC_0040,manager,0,0,1,0,0,1,internal,0,60,13,15654,197,7426,15552,1441,6392
User_0966,PC_0409,manager,1,1,0,0,0,1,internal,0,61,12,5598,69,1389,20417,3550,8301
User_0521,PC_0427,staff,0,1,0,1,0,1,external,1,62,2,7607,412,1999,13671,1129,5761
User_0172,PC_0470,staff,0,0,1,0,1,0,external,0,63,2,6894,314,2855,17519,4203,9083
User_0880,PC_0093,staff,1,0,1,0,1,1,external,1,64,1,6826,328,9125,47730,1596,6163
User_0447,PC_0350,manager,1,0,0,1,1,1,internal,0,65,15,3505,375,9850,23734,2958,7115
User_0501,PC_0218,senior manager,0,1,0,0,1,1,internal,0,66,5,9366,220,3763,14722,2505,9954
User_0726,PC_0277,staff,0,0,1,0,1,1,external,0,67,4,7851,415,4663,15906,1861,6423
User_0425,PC_0346,manager,0,0,1,0,0,0,internal,0,68,11,13861,161,5986,41096,4461,9035
User_0504,PC_0423,senior manager,0,0,1,1,0,0,internal,0,69,10,12371,118,2481,24699,3640,2528
User_0375,PC_0061,staff,0,1,0,1,1,1,external,1,70,15,6550,85,8256,32438,1998,9408
User_0975,PC_0187,staff,1,0,0,0,0,1,external,1,71,2,6783,39,4731,44576,3372,7208
User_0050,PC_0054,staff,1,0,0,0,0,1,internal,0,72,3,6013,323,8262,43247,4140,1454
User_0732,PC_0405,senior manager,0,0,1,,0,0,internal,0,73,7,12851,495,1451,38938,4731,5927
User_0423,PC_0146,senior manager,0,1,0,0,1,0,internal,1,74,7,13903,126,4093,28600,3495,2580
User_0872,PC_0328,senior manager,0,0,1,0,1,1,internal,0,75,12,2225,424,1882,31435,2551,1286
User_0639,PC_0116,manager,0,0,1,1,1,1,internal,0,76,4,11241,365,5408,29581,3866,7009
User_1000,PC_0321,manager,0,1,0,1,1,0,internal,1,77,5,1147,201,5068,25191,2640,4187
User_0076,PC_0361,staff,0,1,0,1,0,0,external,1,78,5,4726,28,4277,30190,4236,6328
User_0259,PC_0456,manager,0,0,1,0,1,1,external,0,79,6,7431,441,9566,38386,2511,2931
User_0186,PC_0414,staff,1,0,0,1,1,1,external,0,80,14,10481,182,8951,42721,2736,3761
User_0991,PC_0486,staff,1,0,0,1,0,0,internal,1,81,9,9812,237,5690,24704,3756,1848
User_0903,PC_0413,staff,0,0,1,1,0,1,external,1,82,2,8576,359,5595,13123,2449,8034
User_0503,PC_0030,staff,0,1,0,1,0,0,external,1,83,5,9462,192,5559,36174,4768,9406
User_0034,PC_0330,staff,0,0,1,0,0,0,internal,0,84,12,10247,122,8291,25586,2857,7652
User_0117,PC_0063,manager,1,0,1,1,1,1,external,1,85,3,7068,192,9160,42976,1264,3364
User_0775,PC_0418,manager,0,1,0,1,0,1,external,1,86,4,7775,490,1112,36416,4946,5472
User_0063,PC_0021,senior manager,0,1,0,1,0,1,internal,1,87,10,13925,155,6131,12814,3659,5874
User_0538,PC_0420,senior manager,0,0,1,0,1,1,external,0,88,6,4868,328,4197,24001,4413,5463
User_0486,PC_0372,manager,0,0,1,0,1,0,external,0,89,12,9966,125,1139,27508,3879,7991
User_0561,PC_0033,staff,0,0,1,1,1,1,internal,0,90,8,12629,122,2424,30630,4797,6950
User_0421,PC_0260,staff,0,1,0,0,1,1,external,1,91,1,1454,260,3949,24380,4349,1163
User_0914,PC_0462,staff,0,0,1,0,0,1,external,1,92,10,12321,485,4168,46699,3721,6759
User_0487,PC_0465,senior manager,,0,0,0,0,,external,0,93,14,15808,260,9708,23317,2462,3848
User_0864,PC_0068,staff,0,0,1,0,0,0,internal,0,94,8,14902,312,7043,46739,1156,4645
User_0834,PC_0380,staff,0,1,0,0,1,1,external,0,95,11,5494,468,7989,45785,2445,2832
User_0450,PC_0471,staff,0,0,1,0,1,0,internal,0,96,14,15833,322,8236,42980,3298,1972
User_0216,PC_0314,senior manager,0,1,0,1,0,0,external,0,97,7,10922,127,7261,34799,3925,4820
User_0119,PC_0428,manager,0,1,0,0,0,0,external,0,98,1,6345,310,1887,46183,2632,2069
User_0459,PC_0411,manager,0,0,1,0,0,0,internal,0,99,2,11933,170,4104,40166,3577,9176
User_0814,PC_0462,senior manager,0,0,1,0,0,1,external,1,100,3,6513,410,1049,30480,3374,418
User_0397,PC_0318,manager,0,0,1,1,1,0,internal,0,101,1,12497,207,4951,12609,4008,3817
User_0715,PC_0341,staff,1,0,0,0,1,1,internal,0,102,14,15760,269,4560,11717,1894,5591
User_0845,PC_0072,senior manager,0,1,0,0,0,1,external,0,103,9,7961,157,1018,30945,3144,1474
User_0277,,staff,0,0,1,0,0,1,internal,0,104,8,3975,249,5821,36592,1512,5542
User_0668,PC_0159,staff,0,0,1,0,0,0,external,1,105,2,558,56,7340,39141,1215,8779
User_0370,PC_0309,staff,0,0,1,0,0,1,external,1,106,13,15335,484,9058,41009,4203,550
User_0356,PC_0420,manager,0,0,1,1,0,1,internal,0,107,9,12400,408,3606,17782,4331,8644
User_0450,PC_0221,manager,1,1,0,1,1,1,internal,1,108,7,13131,207,8846,37536,3172,7280
User_0616,PC_0411,staff,1,1,0,0,0,0,internal,1,109,9,1242,56,9643,44816,4153,2040
User_0851,PC_0461,manager,0,0,1,0,0,1,internal,0,110,6,10311,87,7432,36933,4354,2467
User_0626,PC_0224,staff,1,1,0,0,0,1,internal,0,111,6,4696,133,4765,22618,2706,7987
User_0188,PC_0244,manager,0,0,1,1,0,1,internal,0,112,11,5165,84,3438,19307,3106,347
User_0337,PC_0051,staff,1,0,,1,0,1,external,1,113,14,14531,368,7358,37671,2567,3603
User_0387,PC_0371,manager,0,0,1,0,0,0,internal,0,114,4,15392,146,9319,21338,3208,8859
User_0127,PC_0262,senior manager,0,0,1,1,0,0,internal,0,115,10,3328,99,6941,49346,3331,8975
User_0541,PC_0335,manager,0,0,1,1,1,,external,0,116,10,15762,409,8644,17548,3153,8935
User_0839,PC_0194,senior manager,1,1,0,1,1,1,internal,1,117,13,13854,334,5855,32164,2128,578
User_0439,PC_0392,manager,0,0,1,0,1,,internal,1,118,13,14543,70,7547,38526,4510,2860
User_0056,PC_0197,staff,1,0,0,0,0,0,internal,0,119,2,14221,147,8196,42222,1227,8068
User_0070,PC_0249,staff,0,0,1,0,0,0,internal,0,120,7,3380,59,6911,31176,4771,6040
User_0649,PC_0236,manager,0,1,0,0,1,1,internal,1,121,5,9775,268,7481,13941,4653,4552
User_0674,PC_0290,staff,1,0,0,1,0,1,external,1,122,11,13636,470,3761,16695,3365,1468
User_0253,PC_0467,manager,0,0,1,0,1,1,external,1,123,6,10856,116,5456,36553,2487,2326
User_0553,PC_0448,manager,0,0,1,0,1,1,external,1,124,2,12121,122,7361,49965,1801,3712
User_0043,PC_0393,manager,1,1,0,1,0,1,external,1,125,5,8381,359,6693,49218,2622,5662
User_0494,PC_0484,staff,0,0,1,1,0,1,external,1,126,10,3547,263,6788,36359,2905,1159
User_0275,PC_0382,manager,1,0,0,0,0,1,internal,0,127,4,4289,127,1201,35816,3921,1744
User_0149,PC_0446,staff,0,0,1,0,0,0,external,1,128,9,5361,207,7160,19378,1471,5365
User_0429,PC_0190,manager,1,1,0,0,0,0,internal,1,129,6,959,346,1517,12881,2079,1911
User_0836,PC_0184,manager,0,1,0,0,0,1,internal,0,130,2,8389,374,8737,24675,3672,2293
User_0869,PC_0362,senior manager,0,0,1,1,0,0,external,0,131,1,830,60,2988,15586,3060,267
User_0543,PC_0058,senior manager,0,0,1,0,0,0,external,0,132,5,5960,254,4802,36006,4511,7542
User_0341,PC_0009,staff,1,0,0,1,0,0,internal,0,133,9,11680,412,6808,33831,2041,4282
User_0383,PC_0280,senior manager,0,0,1,0,0,0,internal,1,134,6,8104,435,8162,46113,3741,8445
User_0278,PC_0064,staff,1,1,0,0,1,1,external,0,135,10,5464,44,7241,27459,4020,2644
User_0499,PC_0428,senior manager,1,1,0,0,0,0,external,1,136,12,13231,311,9399,43443,3160,3968
User_0217,PC_0359,senior manager,0,0,1,1,1,0,external,0,137,7,7180,419,6633,41595,1228,8606
User_0229,PC_0294,staff,0,1,0,1,0,0,external,0,138,5,11080,78,6755,16877,1170,6050
User_0848,PC_0402,staff,0,0,1,0,0,1,external,0,139,10,4084,358,7309,15922,1294,9014
User_0218,PC_0390,staff,0,1,0,1,0,0,external,0,140,6,15180,329,5117,15686,1188,2409
User_0148,PC_0271,senior manager,0,1,0,0,0,0,internal,1,141,5,3486,430,9345,43766,1425,6730
User_0943,PC_0087,staff,0,0,1,0,0,0,external,1,142,11,744,477,2518,25407,1976,6786
User_0664,PC_0267,staff,1,1,0,1,1,1,external,1,143,9,7370,58,7163,43006,2102,2123
User_0984,PC_0109,staff,0,0,1,0,0,1,external,1,144,15,9795,414,3600,42422,3705,449
User_0602,PC_0161,staff,0,1,0,0,1,1,external,1,145,6,12129,83,3195,23205,1918,9115
User_0721,PC_0143,manager,1,0,0,0,0,1,internal,1,146,11,15996,201,4554,32054,4253,8729
User_0104,PC_0347,staff,1,1,0,0,1,1,external,0,147,8,3429,270,3849,34527,1498,8460
User_0521,PC_0481,staff,1,0,0,1,0,1,internal,0,148,2,13037,365,2742,29443,2821,8053
User_0864,PC_0467,staff,1,0,0,0,0,1,external,0,149,12,1923,79,2306,27524,3809,3401
User_0993,PC_0427,manager,0,0,1,0,1,1,external,0,150,13,10085,99,4849,39202,1865,4218
User_0676,PC_0061,senior manager,1,1,0,1,0,1,external,0,151,9,4370,269,8519,11016,1825,6919
User_0156,PC_0145,staff,0,0,1,1,0,1,external,1,152,5,16069,135,5195,27848,4779,2869
User_0233,PC_0364,staff,0,1,0,0,1,1,external,1,153,7,3809,240,6178,31855,2858,4599
User_0980,PC_0158,staff,0,1,0,0,1,1,internal,0,154,10,8017,304,3555,29211,3118,2280
User_0755,PC_0320,senior manager,0,1,0,1,1,0,internal,0,155,13,14988,428,3305,36095,3295,3445
User_0855,PC_0381,staff,0,0,1,0,0,0,internal,0,156,1,1256,138,8619,49724,1145,2765
User_0060,PC_0148,manager,0,0,1,0,0,1,internal,0,157,10,15894,289,3642,48583,2641,8523
User_0707,PC_0371,manager,0,0,1,0,0,1,internal,0,158,5,9298,322,7409,13843,4846,9350
User_0680,PC_0175,manager,1,0,0,1,1,1,internal,1,159,12,1644,109,5757,40301,2319,2642
User_0834,PC_0455,senior manager,0,0,1,1,1,1,external,1,160,14,5706,335,3994,37460,3629,9425
User_0589,PC_0461,senior manager,0,1,0,0,1,0,external,0,161,10,3968,306,9751,42918,1469,5540
User_0400,PC_0459,staff,1,0,0,0,0,1,external,0,162,14,1623,191,2271,39747,4577,8248
User_0433,PC_0241,senior manager,1,1,0,1,0,1,external,0,163,2,8445,183,2813,26972,1192,7210
User_0322,PC_0228,staff,0,0,1,0,1,0,internal,0,164,12,9269,325,9801,39310,2091,3980
User_0287,PC_0412,staff,1,0,0,1,1,1,external,0,165,6,710,373,3461,33927,3541,2837
User_0382,PC_0240,staff,0,1,1,1,0,1,external,0,166,11,10072,197,5120,12094,4888,2531
User_0162,PC_0216,manager,0,0,1,1,0,1,internal,0,167,1,3028,66,7124,49892,1051,1487
User_0693,PC_0462,manager,0,1,0,0,1,1,internal,0,168,3,3982,40,9475,45172,3929,9729
User_0265,PC_0418,senior manager,0,0,1,1,0,0,internal,0,169,5,7488,93,5396,34324,3410,3465
User_0976,PC_0032,staff,0,0,1,0,1,0,internal,0,170,4,11595,161,1816,31674,2820,2539
User_0318,PC_0089,staff,0,1,0,1,0,0,internal,1,171,3,12537,482,8304,14982,3964,1416
User_0522,PC_0028,manager,0,0,1,0,0,0,external,0,172,10,5062,45,8331,26790,3521,5304
User_0156,PC_0345,staff,0,0,1,1,1,1,external,1,173,13,2446,222,1082,23205,2869,5104
User_0235,PC_0207,senior manager,0,1,0,0,0,0,internal,0,174,5,9364,423,2920,35338,3568,784
User_0646,PC_0130,manager,0,1,0,1,0,1,internal,1,175,11,12434,417,8817,23748,2786,6540
User_0722,,staff,0,0,1,0,0,1,external,1,176,8,3131,373,3093,32097,2454,3187
User_0547,PC_0109,staff,0,1,0,0,0,1,external,0,177,11,15196,115,8071,14092,2867,9967
User_0122,PC_0405,senior manager,0,0,1,0,1,0,internal,0,178,4,5848,423,8967,33692,4369,2213
User_0572,PC_0490,senior manager,0,1,0,1,0,0,internal,0,179,1,1696,351,9367,34862,4506,1057
User_0257,PC_0242,manager,0,1,0,1,0,1,external,0,180,11,12848,229,6285,35860,4767,5878
User_0487,PC_0160,staff,0,0,1,0,1,1,internal,0,181,7,9183,400,5937,24971,3738,8179
User_0108,PC_0028,staff,0,1,0,0,0,1,external,0,182,8,12016,172,1369,25616,4269,6128
User_0031,PC_0272,staff,1,0,0,0,0,1,external,1,183,3,14882,448,2818,15933,4199,5800
User_0023,PC_0419,staff,0,1,0,1,0,1,internal,0,184,6,6315,229,3101,15926,3579,3194
User_0749,PC_0299,manager,0,0,1,0,0,1,internal,0,185,2,14693,279,4490,36763,3007,2907
User_0946,PC_0165,senior manager,1,1,0,1,0,1,external,1,186,7,14553,129,2779,14969,2434,7682
User_0946,PC_0131,manager,0,0,1,1,0,,internal,0,187,15,11786,403,8674,46733,1839,9112
User_0025,PC_0433,staff,0,1,0,,0,1,external,0,188,8,7266,345,2364,15319,4136,987
User_0981,PC_0301,manager,0,0,1,1,0,1,internal,0,189,6,11463,409,8294,31323,4765,6115
User_0564,PC_0079,staff,0,1,0,1,0,1,internal,1,190,6,16237,191,4676,27428,1240,5524
User_0447,PC_0064,staff,1,0,0,1,0,0,internal,1,191,5,7373,488,3426,45578,4440,4093
User_0411,PC_0303,staff,1,0,1,1,,1,internal,1,192,8,11337,115,9264,31950,1535,3184
User_0581,PC_0452,staff,0,1,0,1,0,1,internal,1,193,1,9409,226,9089,29293,2407,975
User_0423,PC_0404,senior manager,1,0,0,0,0,1,external,0,194,10,3245,214,3962,17364,4502,5369
User_0156,PC_0020,senior manager,0,0,1,0,0,1,external,0,195,4,12296,79,1859,46349,1082,7608
User_0383,PC_0119,senior manager,0,0,1,0,1,1,internal,0,196,15,9474,53,5138,11691,1981,4096
User_0210,PC_0301,senior manager,0,1,0,1,1,0,internal,1,197,4,6484,338,3424,41062,4902,656
User_0293,PC_0363,staff,0,1,0,1,1,1,internal,0,198,3,12313,310,5017,11931,4768,5393
User_0812,PC_0291,staff,0,0,1,1,0,0,internal,0,199,3,6727,237,9560,42730,1950,9000
User_0757,PC_0088,staff,0,1,0,0,0,1,external,0,200,4,3119,193,9342,25226,4899,817
User_0034,PC_0451,staff,1,0,1,0,1,1,external,1,201,11,14017,116,2134,24861,1610,3765
User_0851,PC_0192,senior manager,0,1,0,0,0,0,internal,0,202,1,10949,93,6166,42301,1573,6647
User_0698,PC_0110,senior manager,0,1,0,0,1,1,external,0,203,14,10395,347,6119,33766,3333,5296
User_0369,PC_0286,senior manager,0,0,1,1,0,1,internal,0,204,11,15220,259,6694,47174,1988,2119
User_0916,PC_0448,staff,0,1,0,0,0,1,internal,1,205,13,15836,372,7136,28695,4605,8582
User_0234,PC_0276,manager,1,1,0,0,0,1,external,1,206,11,1433,450,6485,14121,1458,2283
User_0285,PC_0085,staff,0,0,1,0,0,1,internal,0,207,2,5016,30,5164,29257,4283,3979
User_0587,PC_0184,staff,0,1,0,1,,1,internal,0,208,9,267,205,3346,39164,3173,3036
User_0507,PC_0324,staff,0,0,1,0,0,0,internal,0,209,10,5508,187,6039,36491,4484,6791
User_0385,PC_0087,manager,0,1,0,0,1,0,internal,1,210,2,4655,426,5897,34165,2522,7145
User_0913,PC_0359,staff,0,0,1,1,0,1,external,1,211,5,11812,484,9252,14748,3472,2913
User_0920,PC_0349,senior manager,1,0,0,1,0,0,external,0,212,9,11470,16,6041,44045,3601,1337
User_0578,PC_0496,staff,1,0,1,0,1,1,external,1,213,9,11819,79,4901,37553,3657,4941
User_0748,PC_0245,staff,0,0,1,0,0,0,internal,0,214,8,14307,136,2337,41497,2984,3143
User_0877,PC_0392,staff,0,0,1,0,0,0,internal,0,215,1,11278,408,2184,42308,2566,6572
User_0468,PC_0070,staff,0,1,0,1,1,1,external,1,216,1,8490,475,5426,21374,4229,3187
User_0590,PC_0181,senior manager,0,1,0,0,0,0,external,0,217,9,9391,169,2551,15675,3159,3658
User_0254,PC_0166,manager,0,1,0,1,1,1,external,1,218,13,10838,257,2629,12170,3449,5393
User_0498,PC_0440,senior manager,1,1,0,0,0,1,internal,1,219,11,5701,212,2526,23450,4830,8990
User_0688,PC_0239,manager,0,1,0,0,0,1,external,1,220,8,10993,157,2361,21680,1121,2953
User_0266,PC_0341,manager,0,0,1,1,0,0,external,0,221,10,10859,481,5370,21068,1272,1945
User_0530,PC_0270,staff,0,1,0,0,1,1,external,0,222,9,13434,152,6283,46230,2317,6462
User_0852,PC_0402,staff,0,0,1,0,0,1,internal,0,223,7,6826,441,8610,37206,1397,6756
User_0981,PC_0249,senior manager,0,0,1,1,1,1,internal,1,224,3,9452,208,2993,11287,3518,7666
User_0155,PC_0024,staff,1,0,0,1,0,0,external,0,225,3,8468,414,1869,33337,1984,3282
User_0299,PC_0446,staff,1,0,0,1,0,1,internal,1,226,2,662,435,2014,31666,2230,563
User_0047,PC_0288,manager,1,0,0,0,0,0,external,0,227,5,15210,163,1602,12161,2133,3960
User_0598,PC_0313,manager,0,0,1,0,0,,internal,0,228,12,9462,385,1690,46131,4511,5860
User_0651,PC_0319,staff,0,0,1,1,0,1,external,0,229,12,4687,393,9685,35535,2301,7360
User_0773,PC_0451,staff,0,1,0,1,0,1,internal,0,230,3,10286,151,1489,43528,4639,550
User_0188,PC_0021,staff,0,0,1,1,1,1,external,1,231,14,11636,322,7864,49751,2910,2015
User_0955,PC_0436,senior manager,0,0,1,1,1,0,external,0,232,6,5499,174,8240,27527,4986,9215
User_0939,PC_0146,staff,0,1,0,0,0,0,internal,0,233,2,6798,323,8786,34853,3616,3722
User_0193,PC_0014,senior manager,0,1,0,1,0,1,internal,0,234,12,7192,30,9024,25758,2505,7176
User_0966,PC_0352,staff,0,1,0,0,1,1,internal,1,235,3,14371,91,1294,11244,4874,415
User_0112,PC_0200,staff,1,1,0,1,1,1,external,1,236,5,9162,78,6488,14178,4185,4866
User_0314,PC_0300,senior manager,0,0,1,0,0,0,internal,0,237,12,4402,140,5027,42831,2916,4893
User_0932,PC_0258,senior manager,0,0,1,0,0,1,external,0,238,11,12302,96,3912,13176,3944,1476
User_0596,PC_0321,senior manager,0,0,1,1,0,0,external,0,239,11,12867,227,5744,48770,1819,2915
User_0521,PC_0154,staff,0,0,,1,0,1,external,1,240,1,13332,430,2873,44654,3900,1362
User_0264,PC_0336,staff,0,0,1,1,0,1,internal,0,241,13,396,481,4258,37627,4548,9419
User_0231,PC_0466,staff,0,0,1,0,1,0,internal,1,242,1,13013,314,3817,35881,3757,3025
User_0529,PC_0242,senior manager,0,0,1,0,0,1,internal,0,243,10,5138,412,9636,46422,2956,9344
User_0011,PC_0109,staff,0,1,0,1,1,0,internal,1,244,9,14369,380,4641,22984,3368,3568
User_0589,PC_0250,staff,1,0,0,0,1,1,internal,1,245,7,13901,354,5458,34776,1178,4121
User_0388,PC_0012,staff,0,0,1,1,0,0,internal,0,246,1,6268,350,6307,28755,1896,4509
User_0203,PC_0346,senior manager,1,1,0,1,1,1,external,1,247,15,1219,393,9933,18135,3266,647
User_0901,PC_0460,senior manager,0,0,1,0,1,1,internal,1,248,12,7407,405,3041,11320,3836,4991
User_0572,PC_0087,manager,0,0,1,0,0,1,internal,0,249,14,8820,454,1679,48422,2972,3623
User_0206,PC_0255,staff,1,0,0,1,1,1,internal,0,250,8,12083,434,6738,39635,2551,7142
User_0201,PC_0058,senior manager,0,1,0,1,0,1,internal,0,251,3,10989,170,6668,32684,1491,9821
User_0597,PC_0007,senior manager,1,0,0,1,1,1,external,0,252,8,3866,187,8697,34238,4962,5705
User_0056,PC_0163,staff,0,1,0,1,0,1,internal,0,253,15,10140,126,9033,32889,1060,206
User_0080,PC_0476,manager,0,1,0,1,0,0,internal,0,254,5,7150,205,1062,41313,2077,9148
User_0683,PC_0203,staff,0,1,0,0,0,1,external,0,255,1,13723,392,8829,43535,2703,3084
User_0624,PC_0186,staff,0,0,1,0,1,1,external,1,256,7,14882,499,8352,21770,3585,5568
User_0909,PC_0378,staff,1,0,0,1,1,1,internal,1,257,5,14215,336,7915,31426,3895,5952
User_0739,PC_0436,staff,0,1,0,0,1,1,internal,1,258,6,7567,95,9326,18498,4035,1350
User_0132,PC_0374,staff,0,1,0,1,0,1,internal,1,259,6,361,298,4644,27395,1064,6839
User_0506,PC_0012,staff,0,0,1,1,0,0,internal,0,260,8,5795,90,5970,13537,4683,6232
User_0589,PC_0481,staff,1,0,0,0,1,1,internal,0,261,9,15261,161,9003,30226,1585,1711
User_0259,PC_0228,staff,0,0,1,0,0,0,internal,0,262,2,10129,70,4278,26216,2727,8028
User_0522,PC_0463,senior manager,1,0,0,0,0,1,internal,1,263,9,12545,70,8296,29613,3218,1890
User_0971,PC_0123,staff,0,0,1,1,0,1,external,1,264,12,12464,363,4074,14009,4344,7317
User_0288,PC_0344,staff,1,0,0,0,0,0,external,0,265,15,11084,37,9312,35368,4960,967
User_0672,PC_0435,senior manager,0,0,1,0,0,1,internal,1,266,11,7043,451,8552,40327,4770,2869
User_0013,PC_0152,senior manager,0,0,1,1,0,0,external,0,267,10,2393,52,2637,25209,1534,427
User_0694,PC_0184,senior manager,0,1,0,1,1,0,internal,1,268,9,11864,178,6103,26029,4462,3916
User_0539,PC_0052,manager,0,0,1,0,1,0,internal,1,269,13,4701,432,1644,13077,3740,3248
User_0912,PC_0459,senior manager,1,0,0,0,0,1,external,1,270,10,3786,95,3032,24907,4398,6876
User_0563,PC_0474,staff,0,0,1,1,0,0,internal,0,271,15,1542,186,3761,47635,3155,2655
User_0676,PC_0152,manager,0,0,1,0,0,0,internal,0,272,10,15966,26,3068,15873,2870,9422
User_0128,PC_0379,staff,0,1,0,1,1,0,internal,0,273,7,11627,107,1241,19635,4233,4436
User_0331,PC_0308,staff,0,1,0,0,,0,external,0,274,1,16201,463,3668,44065,3861,2582
User_0413,PC_0264,staff,0,0,1,0,1,1,internal,0,275,7,13606,207,1802,44783,2004,3199
User_0020,PC_0487,manager,0,0,1,0,0,1,external,0,276,10,7308,107,6059,45152,3499,9848
User_0071,PC_0195,senior manager,0,0,1,0,0,1,external,0,277,5,14750,74,1195,40092,2229,5886
User_0095,PC_0200,staff,1,0,1,0,0,1,internal,1,278,6,3910,339,3187,28653,3637,6832
User_0199,PC_0495,staff,0,1,0,1,0,0,internal,0,279,10,7358,350,3330,43463,2039,8085
User_0704,PC_0240,staff,1,0,0,0,1,1,external,0,280,7,2615,14,5841,45028,1326,6154
User_0765,PC_0073,staff,0,1,1,1,,1,internal,1,281,14,15856,11,4606,31947,1607,668
User_0393,PC_0207,senior manager,0,0,1,1,0,1,external,1,282,15,8361,31,9468,40978,3706,1754
User_0004,PC_0367,staff,0,0,1,0,0,1,internal,0,283,5,8892,121,1060,33056,1001,7232
User_0322,PC_0241,staff,0,0,1,0,1,1,external,1,284,7,6697,66,4927,40007,2033,3833
User_0561,PC_0439,staff,0,1,0,0,1,1,external,1,285,9,5303,75,7296,16543,3481,3329
User_0452,PC_0472,staff,0,1,0,1,1,0,internal,0,286,3,8483,339,3591,32067,1124,6911
User_0505,PC_0456,staff,1,0,0,1,0,1,external,1,287,8,5459,107,9758,36097,2104,8442
User_0290,PC_0334,staff,0,1,0,0,0,0,internal,0,288,2,9923,153,7121,14809,3532,1895
User_0405,PC_0461,staff,0,0,1,0,0,0,internal,0,289,11,12405,377,2200,33191,3699,6639
User_0148,PC_0074,senior manager,0,0,1,0,1,0,internal,0,290,7,2054,444,3854,32267,2861,8640
User_0364,PC_0236,manager,0,0,1,1,0,1,internal,0,291,13,10293,134,8024,18206,2173,6314
User_0040,PC_0421,staff,0,0,1,0,1,1,internal,1,292,2,9856,176,7972,32057,3847,8688
User_0994,PC_0009,staff,0,0,1,0,,1,internal,0,293,15,5547,95,1136,39992,3920,6245
User_0972,PC_0480,senior manager,1,0,0,0,0,1,external,1,294,14,5751,85,2029,26995,4411,2709
User_0293,PC_0114,staff,0,0,1,0,0,0,internal,0,295,4,10156,353,3594,24210,1128,9450
User_0532,PC_0047,senior manager,0,0,1,1,1,1,external,1,296,7,13929,433,8206,28793,1437,8437
User_0565,PC_0051,staff,1,0,0,1,0,0,internal,1,297,3,15150,303,1661,37270,1750,2326
User_0630,PC_0142,manager,0,1,0,0,0,0,internal,0,298,2,11386,453,3472,16197,3548,8555
User_0807,PC_0399,staff,0,1,0,1,0,1,internal,0,299,11,6540,68,1086,18452,4129,6030
User_0058,PC_0166,staff,0,0,1,1,0,0,internal,0,300,10,15478,147,7219,25859,2221,6942
User_0918,PC_0336,senior manager,,0,1,1,0,0,external,0,301,7,7541,108,9143,38236,3258,3180
User_0568,PC_0295,senior manager,0,1,0,0,1,1,internal,1,302,1,1556,201,7968,42899,4985,1087
User_0180,PC_0097,staff,0,0,1,0,0,0,external,0,303,14,7125,252,3773,43083,1901,9639
User_0714,PC_0397,manager,0,1,0,0,0,1,internal,0,304,15,9691,328,2700,13172,3092,1460
User_0972,PC_0362,senior manager,0,0,1,1,1,0,internal,0,305,8,12424,58,3700,27663,4168,7150
User_0786,PC_0274,staff,1,0,0,1,0,0,internal,1,306,3,3353,457,7815,38540,2302,7646
User_0574,PC_0466,staff,0,0,1,0,0,1,internal,1,307,12,4872,41,2647,30053,3582,1826
User_0498,PC_0073,manager,1,0,1,1,1,1,external,0,308,12,14350,400,7038,22085,2433,1007
User_0098,PC_0251,manager,0,0,1,1,0,0,external,0,309,13,265,286,6164,41564,3508,9475
User_0055,PC_0337,senior manager,0,1,,1,1,0,internal,0,310,2,13527,29,6520,35209,1390,2924
User_0066,PC_0174,staff,1,0,1,1,1,1,external,1,311,3,10873,163,4687,14981,4918,9550
User_0562,PC_0169,manager,0,1,0,1,0,0,internal,0,312,5,6008,392,1596,32153,2067,8125
User_0010,PC_0279,manager,0,1,0,1,0,1,external,0,313,11,10108,77,5545,16247,1026,8490
User_0691,PC_0491,staff,0,1,0,0,0,1,internal,0,314,8,15273,375,9676,21553,3841,9348
User_0142,PC_0335,staff,0,0,1,0,0,,external,0,315,10,11079,381,9837,31811,4168,2555
User_0029,PC_0094,staff,0,0,1,1,0,0,internal,0,316,7,6551,223,5757,40845,4022,5308
User_0610,PC_0111,manager,1,0,0,0,0,1,external,0,317,7,5071,152,5384,17135,1547,7874
User_0806,PC_0389,staff,0,0,1,0,1,0,external,1,318,12,1328,385,9912,16573,3668,3465
User_0432,PC_0139,staff,0,1,0,0,1,1,internal,1,319,7,3481,241,5733,24731,1566,9552
User_0982,PC_0356,staff,0,0,1,0,0,0,internal,0,320,15,13402,222,8081,18189,1703,5379
,PC_0240,senior manager,0,1,0,0,0,0,external,1,321,8,1572,88,9690,25541,2242,6051
User_0967,PC_0326,senior manager,0,0,1,1,0,0,external,0,322,1,5955,223,8117,22087,1184,9605
User_0754,PC_0170,senior manager,1,0,0,1,1,1,internal,0,323,4,12593,125,5729,13776,4140,6797
User_0928,PC_0038,staff,0,0,1,0,0,0,external,0,324,13,7063,101,2673,38564,4900,8869
User_0438,PC_0464,senior manager,1,0,0,0,1,1,internal,1,325,6,6930,279,9306,39835,4201,6776
User_0452,PC_0145,staff,1,0,0,1,1,1,internal,1,326,9,3939,420,8178,18697,2590,1120
User_0354,PC_0329,staff,0,1,0,0,0,0,internal,0,327,13,7483,390,3294,25629,2913,3944
User_0193,PC_0356,manager,0,0,1,1,0,0,internal,0,328,2,15782,498,4630,19386,4680,3673
User_0418,PC_0433,manager,1,1,0,0,0,0,internal,1,329,1,3529,177,1146,28046,1847,5542
User_0483,PC_0427,staff,0,0,1,0,0,1,external,1,330,13,7256,67,4453,19044,1598,8014
User_0943,PC_0485,staff,0,0,1,0,0,0,external,0,331,10,401,293,5507,20615,1805,6158
User_0686,PC_0390,manager,0,1,0,0,0,1,internal,0,332,12,5266,35,6783,16060,4702,8051
User_0703,PC_0316,senior manager,0,0,1,0,0,0,internal,0,333,14,16291,378,8751,21900,4791,8902
User_0126,PC_0125,staff,0,0,1,0,0,1,external,1,334,2,3296,456,6628,16581,2357,8620
User_0829,PC_0289,staff,0,0,1,0,0,0,internal,0,335,7,9910,75,9328,45782,4996,646
User_0276,PC_0289,staff,1,0,0,0,0,1,external,1,336,3,14833,418,4360,31173,4225,8630
User_0780,PC_0259,senior manager,0,0,1,1,0,0,internal,0,337,10,13124,257,4005,23997,4618,3281
User_0843,PC_0227,senior manager,1,0,0,1,0,0,external,0,338,2,15278,263,4552,18148,3126,9098
User_0964,PC_0077,staff,,1,1,0,0,1,external,0,339,14,10032,396,1018,29748,3626,9325
User_0083,PC_0431,manager,1,1,1,0,0,0,external,1,340,11,738,465,3242,25022,2878,4087
User_0408,PC_0244,staff,0,0,1,0,0,1,internal,0,341,7,3435,53,7318,31013,3460,3433
User_0103,PC_0308,staff,0,1,0,1,0,0,internal,1,342,13,1505,106,6097,49687,1545,2840
User_0229,PC_0174,staff,0,1,0,1,1,1,internal,1,343,13,13216,51,9640,26886,2632,5001
User_0089,PC_0272,senior manager,1,0,0,0,0,0,external,0,344,2,886,236,2948,36256,3216,9988
User_0075,PC_0310,staff,0,1,0,1,1,1,external,0,345,3,15252,271,6618,41005,3728,5808
User_0086,PC_0205,senior manager,0,1,0,0,0,1,internal,0,346,11,9109,176,5236,17638,4734,2182
User_0798,PC_0079,senior manager,0,0,1,0,0,0,external,0,347,7,11951,445,7901,48419,3630,4752
User_0104,PC_0393,staff,1,1,0,0,1,,external,0,348,14,3108,288,2920,44377,3562,9977
User_0309,PC_0044,staff,0,1,0,0,1,1,external,1,349,4,16270,98,5188,47634,4385,4686
User_0012,PC_0394,manager,0,0,1,0,1,0,external,1,350,13,10914,388,1238,27755,3079,9895
User_0089,PC_0466,staff,1,0,0,1,0,0,internal,0,351,14,1243,187,1204,34382,3334,360
User_0140,PC_0197,staff,1,1,0,1,1,1,internal,0,352,1,7878,436,6552,33394,3641,3896
User_0327,PC_0383,staff,0,1,0,1,0,0,internal,0,353,13,7583,412,5927,13253,4114,6082
User_0043,PC_0005,senior manager,0,1,0,1,0,0,external,0,354,14,9994,206,5390,48710,2926,600
User_0385,PC_0477,staff,0,0,1,0,0,1,internal,0,355,5,9097,316,3687,11864,1616,1115
User_0739,PC_0307,senior manager,0,1,0,0,0,1,external,0,356,12,9416,276,5951,45036,4072,8205
User_0964,PC_0118,staff,1,0,0,1,,1,external,1,357,9,11085,277,7160,24666,4644,7764
User_0839,PC_0252,staff,0,1,0,0,0,1,internal,0,358,8,1356,83,6388,31955,3317,4063
User_0366,PC_0405,staff,0,1,0,0,0,0,internal,0,359,12,6908,17,6126,48997,2203,5418
User_0040,PC_0454,staff,0,0,1,0,1,1,internal,0,360,15,8888,417,1816,27309,2759,2806
User_0796,PC_0296,senior manager,1,0,0,1,1,1,internal,1,361,9,7677,485,1192,15054,3565,6235
User_0253,PC_0210,staff,1,0,0,1,0,1,internal,0,362,10,5272,306,2776,11935,4174,5881
User_0074,PC_0343,staff,0,0,1,0,0,0,internal,0,363,14,1025,173,4645,33778,4081,2199
User_0501,PC_0256,manager,0,1,0,0,0,1,internal,0,364,9,1599,494,7314,27709,3630,6486
User_0685,PC_0390,manager,1,1,0,0,1,1,external,1,365,15,14370,94,9442,20726,4161,5438
User_0361,PC_0243,staff,1,1,1,1,1,1,external,0,366,7,4614,81,2788,31245,1225,2665
User_0316,PC_0344,staff,0,1,0,1,0,1,internal,1,367,4,16212,64,8374,45753,1669,8400
User_0171,PC_0401,staff,1,1,0,0,0,1,external,1,368,5,12177,402,4700,25252,2763,5116
User_0259,PC_0107,manager,0,0,1,0,0,1,internal,1,369,1,12354,56,4893,32316,1916,8357
User_0420,PC_0480,staff,1,0,1,1,0,0,external,1,370,14,10025,408,7811,48371,3173,3181
User_0186,PC_0124,senior manager,0,0,1,1,0,1,external,1,371,1,15989,441,3679,30162,4003,4397
User_0326,PC_0356,staff,0,0,1,0,0,1,internal,0,372,3,7036,247,4904,26960,4280,6013
User_0941,PC_0197,staff,0,0,1,1,1,0,internal,1,373,13,15782,113,8260,41791,4168,3048
User_0352,PC_0187,staff,0,1,0,1,0,0,external,0,374,14,12456,219,1504,36216,3121,8505
User_0334,PC_0027,staff,0,0,1,0,1,0,internal,1,375,8,16368,51,7773,43467,4698,6311
User_0484,PC_0233,staff,1,0,0,0,0,1,internal,1,376,14,6858,325,4816,18754,2214,1140
User_0495,PC_0465,staff,0,0,1,1,0,1,internal,1,377,2,13542,477,1717,15078,2705,8088
User_0558,PC_0288,manager,0,1,0,1,0,1,internal,0,378,4,11799,463,5434,23853,2842,7573
User_0657,PC_0135,staff,0,1,0,1,1,1,external,1,379,2,13243,277,1658,15042,2983,7659
User_0044,PC_0127,manager,0,0,1,0,0,0,internal,0,380,14,2605,395,6057,25389,4787,1087
User_0621,PC_0202,staff,1,0,0,1,1,1,external,1,381,5,12050,272,5008,41425,1055,3295
User_0085,PC_0094,staff,1,0,0,1,1,1,external,0,382,9,5955,345,5994,13575,1719,5199
User_0932,PC_0172,manager,0,0,1,0,0,0,internal,0,383,1,1497,396,5234,39179,3600,603
User_0434,PC_0264,staff,0,0,1,0,0,1,internal,1,384,5,1381,374,4764,45754,3079,5444
User_0529,PC_0247,manager,0,0,1,1,0,1,internal,0,385,14,11049,268,5637,29624,4598,9047
User_0475,PC_0110,staff,0,1,0,1,0,0,internal,0,386,15,14879,292,3104,31350,1573,9633
User_0880,PC_0228,staff,0,1,1,1,1,1,external,0,387,9,9638,123,7801,37681,1666,8248
User_0572,PC_0329,staff,0,0,1,0,0,0,external,0,388,15,7020,372,9575,34988,1283,6110
User_0142,PC_0208,staff,0,1,0,1,0,0,external,0,389,1,5357,49,3607,26470,2744,1481
User_0920,PC_0025,staff,1,0,0,1,0,1,internal,0,390,9,12579,495,9385,35704,4903,5702
User_0631,PC_0353,manager,0,0,1,1,0,1,internal,1,391,8,13287,426,4719,49736,4565,7112
User_0577,PC_0224,senior manager,0,0,1,0,0,0,internal,0,392,4,14308,229,3581,40377,3234,3826
User_0681,PC_0033,manager,0,1,1,0,0,0,internal,0,393,12,12896,138,3565,39572,1497,1987
User_0155,PC_0424,senior manager,0,0,1,0,1,1,internal,0,394,11,8099,17,3763,18493,2465,9615
User_0729,PC_0009,staff,1,0,0,1,1,1,external,1,395,10,14466,110,7328,15103,1129,3909
User_0944,PC_0398,senior manager,0,0,1,0,0,0,internal,0,396,5,328,425,6991,45844,1638,2231
User_0478,PC_0219,senior manager,0,1,0,1,,0,internal,0,397,13,15239,389,4406,13994,4363,2524
User_0373,PC_0110,staff,0,0,1,1,0,0,external,0,398,5,5728,185,9923,14744,3161,5539
User_0604,PC_0480,senior manager,0,0,1,1,1,0,external,0,399,11,10362,116,5780,38332,4270,5574
User_0783,PC_0100,staff,1,0,0,1,0,0,internal,0,400,12,5445,110,5177,16594,3060,9300
User_0172,PC_0256,senior manager,0,1,0,1,0,0,internal,0,401,6,2728,269,7476,18371,4342,1417
User_0569,PC_0320,staff,0,1,0,0,0,0,internal,0,402,7,11494,487,3604,29028,4672,6747
User_0779,PC_0278,staff,0,1,0,0,0,0,internal,0,403,8,963,463,9181,46912,4286,3316
User_0025,PC_0185,staff,1,0,0,0,0,0,internal,0,404,15,2060,375,3382,24990,3491,116
User_0136,PC_0371,staff,1,1,0,0,0,1,internal,1,405,14,6960,255,1531,27626,4861,4770
User_0699,PC_0032,staff,0,0,1,0,1,0,internal,0,406,8,15419,284,7079,31469,4583,2723
User_0420,PC_0233,staff,1,0,0,0,1,1,external,1,407,11,3969,41,1634,18130,3494,229
User_0715,PC_0185,manager,0,0,1,1,1,1,external,1,408,14,5307,146,1002,17828,1985,1573
User_0665,PC_0117,manager,1,0,1,1,0,0,external,1,409,13,11012,21,9397,28883,1992,9241
User_0569,PC_0057,senior manager,0,0,1,1,1,1,external,1,410,2,2731,404,6951,29542,3762,9360
,PC_0266,senior manager,0,0,1,1,0,0,external,0,411,9,3866,311,6626,21450,3121,4411
User_0938,PC_0211,manager,0,0,1,0,0,1,internal,0,412,7,4511,384,8739,31423,3584,9915
User_0011,PC_0010,staff,0,1,0,1,0,0,internal,1,413,4,14740,25,7003,13035,1100,2995
User_0788,PC_0271,staff,0,1,0,0,1,0,internal,1,414,4,11271,138,3890,28241,3223,2836
User_0059,PC_0484,manager,0,1,0,1,0,0,internal,0,415,11,7653,72,7239,34154,1426,5198
User_0582,PC_0426,senior manager,0,0,1,0,0,,internal,0,416,8,1991,118,9026,36625,4188,2046
User_0261,PC_0312,staff,0,1,0,1,1,1,external,1,417,4,10033,384,4306,44066,4237,5659
User_0354,PC_0412,senior manager,1,0,0,0,0,1,external,1,418,13,8514,30,1897,44691,1040,8908
User_0636,PC_0308,staff,1,0,0,1,0,0,internal,0,419,15,11509,167,1670,24331,1428,400
User_0258,PC_0034,senior manager,0,1,0,0,1,1,internal,1,420,6,8235,278,8291,31690,1343,9276
User_0967,PC_0415,manager,1,0,1,,0,1,internal,1,421,5,2684,171,2505,30183,4495,4601
User_0058,PC_0114,manager,1,0,0,1,0,0,internal,0,422,3,12601,269,7460,15875,1365,8452
User_0598,PC_0213,staff,1,1,0,0,0,0,internal,1,423,13,7682,421,6167,23254,4191,6014
User_0780,PC_0305,staff,0,1,0,0,0,0,,0,424,14,8789,111,6255,39621,1608,5771
User_0515,PC_0441,staff,0,0,1,0,0,0,internal,0,425,10,5505,232,1249,21905,3704,8317
User_0793,PC_0162,senior manager,0,1,0,0,0,0,internal,0,426,11,11222,68,7457,26882,1727,182
User_0231,PC_0490,staff,0,0,1,0,0,1,external,1,427,2,5547,256,2892,30041,3276,8464
User_0461,PC_0278,staff,,0,1,0,1,1,external,1,428,9,3073,137,4439,40098,1824,1098
User_0579,,staff,0,1,0,1,1,1,internal,1,429,10,11109,292,3854,44709,4201,5904
User_0828,PC_0256,,0,0,1,0,0,0,internal,0,430,9,9680,334,4792,45675,2375,7037
User_0313,PC_0250,staff,1,0,0,0,0,1,internal,0,431,1,4130,34,6330,15837,1888,3241
User_0007,PC_0449,manager,0,1,0,0,0,1,internal,1,432,10,10849,140,8871,35489,3043,2982
User_0147,PC_0309,senior manager,0,1,0,0,0,1,internal,0,433,3,9942,362,9235,28627,2341,7462
User_0941,PC_0436,staff,0,0,1,0,1,1,internal,0,434,8,14365,205,4612,16696,4031,3184
User_0908,PC_0052,staff,0,1,0,1,1,1,internal,0,435,6,4467,290,3618,24543,4720,2145
User_0057,PC_0100,staff,0,0,1,1,1,0,internal,1,436,5,15879,413,5678,23615,3883,9052
User_0824,PC_0103,staff,0,0,1,1,1,0,internal,1,437,5,917,427,4163,12466,4408,304
User_0681,PC_0500,staff,0,0,1,0,1,0,external,0,438,6,12331,163,3942,41771,2296,5384
User_0102,PC_0199,staff,0,0,1,0,0,0,external,1,439,15,14009,391,9411,29350,1116,1652
User_0013,PC_0055,,0,0,1,1,0,1,internal,0,440,7,12067,142,2925,11375,3865,7916
User_0849,PC_0043,staff,0,0,1,1,0,0,internal,0,441,1,15044,236,3972,44030,3415,924
User_0603,,senior manager,1,1,0,0,0,,external,0,442,9,10316,198,1990,31746,2117,3848
User_0441,PC_0326,staff,0,,1,0,1,0,internal,1,443,3,16092,485,2812,33886,1167,5678
User_0960,PC_0335,staff,1,0,1,1,1,1,external,0,444,4,10782,486,9995,43651,4001,6012
User_0009,PC_0310,senior manager,1,0,0,0,1,0,internal,0,445,10,3630,274,1489,18833,2738,7490
User_0478,PC_0462,staff,0,1,0,0,0,0,external,0,446,1,9464,381,6876,12893,2364,5297
User_0083,PC_0193,staff,1,0,0,1,0,1,internal,0,447,13,12854,495,4645,41573,3708,9130
User_0050,PC_0442,staff,1,0,0,1,0,1,internal,1,448,11,463,443,8081,42371,4985,4795
User_0675,PC_0170,senior manager,0,0,1,0,0,0,internal,0,449,10,2921,143,3891,22826,1694,6868
User_0701,PC_0061,staff,0,0,1,1,0,0,internal,0,450,3,2749,220,4516,45420,1924,3783
User_0443,PC_0178,senior manager,0,0,1,0,1,1,internal,0,451,2,7069,69,4340,32924,1151,2061
User_0848,PC_0170,senior manager,1,0,0,0,0,1,internal,0,452,2,888,437,7410,44367,1585,1037
User_0868,PC_0110,staff,0,0,1,0,0,1,internal,0,453,14,10550,386,1053,32199,4948,7695
User_0890,PC_0019,,1,0,1,1,1,1,internal,0,454,1,11407,404,3575,36868,1912,524
User_0955,PC_0298,senior manager,1,0,1,1,1,1,internal,1,455,8,3339,459,1615,19792,3321,3151
User_0072,PC_0300,senior manager,0,1,0,1,0,1,external,1,456,3,13200,440,6944,31597,2577,3005
User_0542,PC_0065,manager,0,1,0,1,0,0,internal,0,457,3,13967,373,8404,47405,1495,2794
User_0107,PC_0195,manager,1,1,0,1,0,1,internal,1,458,6,10379,373,1954,43696,4795,3695
User_0420,PC_0326,staff,0,1,0,1,0,1,internal,0,459,13,3975,466,2629,26989,3148,1367
User_0474,PC_0267,manager,0,0,1,1,1,1,external,1,460,8,7379,222,7859,39931,1556,521
User_0630,PC_0195,senior manager,1,0,0,0,0,0,external,0,461,13,11010,225,9841,20290,2105,3366
User_0460,PC_0425,staff,0,1,0,1,0,0,external,0,462,15,1935,235,4278,49367,2552,7117
User_0754,PC_0456,staff,0,1,0,0,0,0,internal,0,463,9,16157,479,6455,25342,3120,9949
User_0455,PC_0168,staff,1,0,1,0,,,external,0,464,9,492,140,4801,35941,4085,2200
User_0724,PC_0340,staff,1,,0,0,1,1,external,1,465,4,7702,85,3561,24945,4504,7229
User_0304,PC_0437,staff,1,0,1,1,1,1,internal,0,466,14,4699,485,7539,21762,1156,8195
User_0079,PC_0187,staff,0,1,0,0,0,1,internal,0,467,5,7026,295,1370,41133,1734,8976
User_0481,PC_0149,manager,0,0,,0,0,1,external,1,468,2,15719,483,1857,38052,3179,2326
User_0566,PC_0085,manager,0,1,0,0,1,1,external,0,469,11,13173,286,5886,30953,4409,4488
User_0295,PC_0408,staff,0,0,1,0,0,0,internal,1,470,9,9988,165,8485,28130,4066,2522
User_0650,PC_0353,manager,0,0,1,0,1,0,internal,1,471,8,6355,257,1383,42086,2427,7326
User_0529,PC_0018,manager,1,1,0,0,0,1,internal,1,472,3,12391,227,5334,15633,4447,9369
User_0768,PC_0191,staff,0,0,1,1,0,1,internal,0,473,11,13815,199,5290,28304,4959,7416
User_0610,PC_0250,staff,0,1,1,1,0,1,internal,0,474,12,8811,426,3725,43284,1558,2943
User_0429,PC_0068,manager,0,0,1,1,0,1,internal,0,475,13,2624,478,7204,18008,3154,4211
User_0168,PC_0312,staff,0,0,1,1,1,0,internal,1,476,9,16248,172,7111,38405,4691,5759
User_0016,PC_0041,senior manager,0,0,1,1,0,1,external,0,477,3,541,189,5251,47386,3312,2003
User_0941,PC_0496,staff,0,1,0,1,0,1,external,0,478,9,404,43,1922,36373,4276,4324
User_0727,PC_0010,manager,0,0,1,1,1,0,internal,0,479,2,13651,50,3915,31827,4150,5079
User_0616,PC_0471,staff,0,0,1,1,0,1,external,1,480,12,4293,316,8957,44040,1154,5463
User_0808,PC_0148,staff,1,0,0,0,0,0,internal,1,481,10,6805,440,4046,24007,4854,525
User_0990,PC_0273,staff,0,1,0,0,0,0,internal,0,482,9,7377,347,2230,29157,4035,2501
User_0335,PC_0251,senior manager,0,0,1,0,0,0,internal,0,483,15,12999,323,8647,43157,1996,9041
User_0631,PC_0494,staff,1,0,0,1,0,1,external,1,484,8,10214,84,5933,46315,3294,7348
User_0705,PC_0314,staff,0,1,1,0,0,0,internal,1,485,9,5151,450,4940,46932,1530,143
User_0811,PC_0431,staff,1,0,0,0,1,1,external,0,486,5,5536,288,7483,32164,3905,6398
User_0320,PC_0328,staff,0,0,1,0,1,0,external,0,487,11,1268,185,1203,25414,2971,5142
User_0561,PC_0140,senior manager,0,0,1,1,1,1,external,0,488,11,11279,393,1160,25327,3585,1659
User_0073,PC_0180,senior manager,0,1,0,1,0,1,external,1,489,2,10955,159,9960,11946,1728,6135
User_0272,PC_0408,manager,0,1,0,0,0,1,internal,0,490,8,16165,282,4748,25693,2177,7171
User_0465,PC_0490,staff,0,0,1,1,0,1,internal,0,491,12,9971,334,7718,38241,1153,4294
User_0488,PC_0200,manager,1,0,0,0,0,1,internal,0,492,15,3041,117,3581,41254,4757,4051
User_0009,PC_0143,staff,0,1,0,0,1,1,external,1,493,6,11004,148,2093,26540,1091,247
User_0310,PC_0236,staff,1,1,0,0,1,1,internal,1,494,8,3981,359,5500,17719,4504,2270
User_0666,PC_0001,senior manager,0,0,1,0,0,1,internal,0,495,11,4832,280,9799,36081,3385,8403
User_0410,PC_0076,staff,0,1,0,0,1,1,external,1,496,5,6038,356,6710,22350,2503,5218
User_0525,PC_0433,manager,0,0,1,0,0,0,internal,0,497,10,6513,428,3875,47358,2716,7255
User_0597,PC_0124,staff,0,0,1,0,0,1,external,0,498,2,15340,298,4191,43021,4202,7397
User_0992,PC_0321,staff,0,1,0,0,0,1,external,0,499,6,10049,221,2837,39369,3497,4263
User_0174,PC_0471,senior manager,1,1,1,0,1,1,internal,0,500,5,2664,390,1689,42728,3016,8126
User_0161,PC_0362,staff,1,0,0,1,0,0,internal,0,501,12,596,281,4759,28576,3857,9119
User_0167,PC_0429,staff,0,0,1,0,0,0,external,0,502,13,3073,427,3103,40001,1786,8167
User_0226,PC_0315,staff,1,1,0,1,0,1,external,0,503,12,14554,75,1365,28848,1272,3039
User_0308,PC_0235,manager,0,0,1,1,0,0,internal,1,504,5,15352,492,9092,11390,3027,5827
User_0397,PC_0223,staff,0,0,1,1,0,0,internal,0,505,13,15560,433,5172,32999,3635,8164
User_0259,PC_0020,senior manager,1,0,0,0,0,0,internal,0,506,1,2752,257,7033,22569,1176,3716
User_0182,PC_0106,staff,0,0,1,1,1,0,internal,0,507,2,6218,165,3378,24029,4767,5505
User_0541,PC_0119,staff,0,0,1,1,0,0,external,1,508,8,13378,56,2205,33490,3878,7385
User_0476,PC_0402,staff,1,1,1,1,0,0,external,0,509,13,5555,432,5988,46328,1642,8451
User_0853,PC_0106,staff,0,1,0,0,0,,internal,1,510,14,10173,463,6669,16867,2898,5980
User_0370,PC_0147,senior manager,0,0,1,0,0,1,internal,0,511,13,7830,210,3735,26284,4120,1113
User_0542,PC_0287,manager,0,1,0,0,0,0,external,1,512,3,1945,157,9490,44979,1566,8843
User_0882,PC_0413,staff,0,1,0,1,0,1,external,1,513,10,3523,133,1956,20121,1665,7491
User_0870,PC_0396,staff,0,0,1,0,1,0,internal,1,514,3,16081,10,7623,12539,4426,1275
User_0036,PC_0007,manager,0,0,1,0,0,1,internal,1,515,8,4662,465,2474,36488,4783,9455
User_0004,PC_0351,senior manager,0,1,0,,1,0,internal,0,516,8,8709,256,5460,28027,2331,5347
User_0154,PC_0369,staff,0,,1,0,0,1,internal,0,517,2,1698,352,8002,19693,3915,7618
User_0366,PC_0341,manager,0,1,0,0,1,1,external,0,518,8,8853,137,7396,19921,4956,6390
User_0909,PC_0392,staff,0,1,0,1,1,1,external,0,519,11,10638,200,3828,21310,4701,1408
User_0997,PC_0379,senior manager,0,0,1,1,0,1,internal,0,520,13,4693,76,3850,41908,2798,9784
User_0434,PC_0182,staff,0,0,1,1,1,0,external,0,521,13,5691,13,3964,15386,2069,9533
User_0397,PC_0001,manager,0,1,1,1,1,1,internal,1,522,1,15716,451,5594,43263,3349,4927
User_0452,,staff,0,1,0,1,1,0,internal,0,523,6,8691,418,7644,39412,3915,5364
User_0447,PC_0500,staff,0,1,0,1,1,1,internal,1,524,8,13033,312,3850,28303,3959,1877
User_0874,PC_0206,senior manager,0,0,1,0,0,0,external,0,525,3,4363,303,1165,23242,1407,159
User_0937,PC_0245,staff,0,0,1,1,1,1,external,1,526,8,15854,152,1919,19947,2212,9925
User_0367,PC_0204,manager,0,1,0,,0,0,internal,1,527,12,816,200,9305,16930,3869,7086
User_0579,PC_0143,senior manager,1,0,0,1,1,1,internal,1,528,1,12585,30,4504,49170,2853,7960
User_0665,PC_0327,staff,0,1,0,1,1,1,external,0,529,11,11173,236,1991,11507,2152,8627
User_0498,PC_0292,senior manager,1,0,0,0,0,0,internal,0,530,11,9041,322,7047,12436,3608,9122
User_0392,PC_0141,staff,0,1,0,0,0,,external,1,531,9,5804,126,4839,38151,4608,1692
User_0642,PC_0059,,0,1,0,0,0,1,external,0,532,13,2082,446,2258,22618,4337,4480
User_0742,PC_0378,staff,0,0,1,0,1,1,internal,0,533,11,11677,311,8609,19750,2141,6197
User_0836,PC_0127,manager,0,0,1,1,1,1,internal,1,534,13,11735,151,9706,27122,3511,6558
User_0532,PC_0257,senior manager,0,0,1,1,0,0,internal,0,535,9,12521,493,5804,18354,1143,9251
User_0018,PC_0084,staff,0,0,1,0,1,1,internal,0,536,5,14237,469,1067,41979,3489,5817
User_0523,PC_0147,staff,0,0,1,1,0,0,internal,0,537,10,7885,410,6660,31900,4271,4266
User_0385,PC_0087,staff,1,0,1,1,1,1,external,0,538,4,8581,48,5478,24840,4228,6588
User_0539,PC_0243,staff,1,0,0,0,0,1,external,1,539,15,3394,402,9210,48167,1486,8257
User_0527,PC_0300,staff,1,0,0,1,0,0,external,0,540,11,12367,364,4521,16037,1859,9413
User_0975,PC_0033,staff,0,0,1,1,0,0,internal,1,541,6,15622,261,1572,39633,4205,5519
User_0910,PC_0327,staff,1,1,0,0,1,1,internal,0,542,12,13491,342,8082,35495,2935,9390
User_0595,PC_0465,staff,0,1,0,1,1,0,external,0,543,7,7949,216,8832,26848,1147,8434
User_0221,PC_0263,senior manager,0,1,1,1,0,1,external,0,544,5,8520,219,6395,47483,2359,1146
User_0170,PC_0054,staff,1,0,0,0,1,1,internal,1,545,11,12942,124,3258,18837,4142,9360
User_0405,PC_0428,manager,0,1,0,1,0,0,internal,1,546,13,13972,234,7039,45069,4304,7736
User_0809,PC_0327,staff,1,0,0,1,0,0,internal,0,547,10,8098,143,1650,18370,2357,4287
User_0629,PC_0334,staff,0,1,0,1,1,1,internal,0,548,9,6977,260,6741,17411,3858,3440
User_1000,PC_0106,staff,1,0,0,1,1,1,internal,0,549,3,7258,228,7838,41499,3713,6277
User_0597,PC_0037,staff,1,0,0,1,1,1,external,1,550,15,4481,416,3587,41225,1089,4873
User_0065,PC_0174,staff,1,0,0,1,0,0,internal,0,551,7,3234,452,8876,11692,2357,3535
User_0208,,staff,0,0,1,1,1,0,external,0,552,10,16081,100,4262,39926,1198,7400
User_0256,PC_0404,manager,0,1,0,1,0,0,external,0,553,10,7629,363,2338,45246,4232,7002
User_0473,PC_0103,staff,1,0,0,1,1,1,external,1,554,11,6163,385,5996,19448,1537,5899
User_0780,PC_0360,staff,0,1,0,0,1,1,internal,0,555,5,6353,55,6780,21073,4192,1065
User_0467,PC_0111,staff,0,0,1,0,0,1,external,1,556,14,16383,47,3827,46414,1300,7544
User_0352,PC_0435,staff,0,0,1,0,0,0,internal,0,557,7,12809,151,6232,16209,1723,9471
User_0187,PC_0472,staff,1,0,0,1,0,0,internal,0,558,15,5912,109,3217,17533,2598,6778
User_0936,PC_0409,staff,0,1,0,0,0,1,internal,1,559,2,10433,337,4539,32061,4010,600
User_0292,PC_0362,manager,0,1,0,0,1,1,external,1,560,4,9240,199,8845,18211,2459,4654
User_0091,PC_0403,staff,0,0,1,1,1,0,,0,561,2,14844,44,5383,20927,1067,149
User_0059,PC_0073,manager,1,0,0,1,0,0,internal,0,562,14,15413,156,3961,22927,4836,9261
User_0331,PC_0020,staff,0,0,1,1,0,0,external,0,563,13,13856,39,4226,35594,4993,1087
User_0915,PC_0141,staff,0,1,0,1,0,0,external,0,564,13,4515,343,7837,20316,3506,6871
User_0525,PC_0250,staff,0,1,0,1,0,0,internal,0,565,12,8542,93,8031,23177,2537,1215
User_0776,PC_0325,manager,0,0,1,1,1,1,external,1,566,7,6157,378,4716,21846,1397,4032
User_0436,PC_0071,manager,0,0,1,0,0,1,internal,0,567,2,15424,290,4414,18933,1619,9771
User_0887,PC_0235,senior manager,0,0,1,0,0,1,external,0,568,13,9581,433,2448,49244,4357,4534
User_0985,PC_0456,senior manager,0,0,1,1,0,1,external,0,569,14,14927,353,1570,13080,2584,3667
User_0719,PC_0426,senior manager,0,0,1,1,1,0,internal,1,570,11,5173,279,3904,17089,2163,1758
User_0508,PC_0242,staff,1,0,0,0,0,0,external,0,571,1,8685,163,3505,37123,1729,8044
User_0799,PC_0423,manager,0,0,1,0,1,0,external,0,572,9,14972,111,1917,18797,1555,5900
User_0817,PC_0061,manager,0,0,1,1,0,1,internal,0,573,1,16051,224,7982,19346,2952,4476
User_0495,PC_0403,senior manager,0,0,1,1,0,1,external,1,574,8,11394,159,8427,30878,3828,8117
User_0377,PC_0305,staff,0,0,1,1,0,1,external,0,575,15,2786,441,7336,44672,4661,2915
User_0131,PC_0446,senior manager,0,1,0,0,0,1,external,1,576,2,2216,92,2678,28653,2751,1070
User_0442,PC_0107,staff,1,0,0,1,0,1,external,1,577,12,7301,119,1615,37140,3941,7920
User_0188,PC_0457,staff,0,0,1,0,1,0,internal,1,578,8,1304,444,8086,12184,3657,5612
User_0077,PC_0030,staff,1,0,0,0,0,0,internal,0,579,13,6028,396,5749,45493,3795,307
User_0767,PC_0465,staff,0,1,0,0,0,0,internal,1,580,3,15732,435,4505,35846,3329,359
User_0055,PC_0079,staff,1,0,0,0,1,1,internal,1,581,6,2785,284,5529,33195,3708,5125
User_0841,PC_0469,staff,0,0,1,1,1,0,external,0,582,3,16007,210,2135,16606,3971,4458
User_0281,PC_0282,staff,0,1,0,1,0,0,external,1,583,14,3220,293,9566,14956,4887,9074
User_0641,PC_0203,senior manager,1,0,0,1,0,0,internal,1,584,7,7393,477,8226,27555,1995,604
User_0593,PC_0363,senior manager,0,1,1,1,0,1,internal,1,585,10,1219,182,6162,35849,2959,9865
User_0697,PC_0386,staff,0,1,0,0,0,0,internal,1,586,9,792,336,1206,29690,2601,1859
User_0299,PC_0219,manager,0,0,1,0,0,1,internal,0,587,2,15694,215,5875,37347,3793,7614
User_0740,PC_0289,staff,0,1,1,1,0,1,external,1,588,15,14147,72,2319,44189,2480,7860
User_0947,PC_0402,staff,0,0,1,0,0,0,external,1,589,12,7596,82,2141,49308,3134,3894
User_0550,PC_0484,staff,0,1,0,0,0,0,external,0,590,12,14523,260,5627,36785,2102,3690
User_0886,PC_0355,staff,0,0,1,1,0,1,internal,0,591,15,7435,133,8389,43698,4276,7070
User_0805,PC_0306,staff,1,0,0,1,1,,external,1,592,14,8223,384,3690,26966,3838,9693
User_0931,PC_0448,staff,0,0,1,1,0,1,internal,1,593,5,12671,130,8323,42097,4408,9080
User_0223,PC_0164,staff,0,1,0,1,0,0,external,0,594,13,12127,284,4255,26882,4325,6385
User_0087,PC_0058,senior manager,0,0,1,0,0,0,internal,0,595,6,12635,440,9281,15675,3351,3429
User_0116,PC_0329,staff,0,1,0,1,0,1,internal,0,596,4,12172,407,6213,24009,2403,4112
User_0742,PC_0296,staff,0,0,1,1,1,1,external,1,597,4,8990,129,5108,38843,3177,2192
User_0779,PC_0104,staff,0,0,1,1,0,0,external,0,598,4,1101,431,4020,40793,3643,3067
User_0197,PC_0390,staff,0,0,1,1,0,0,internal,0,599,2,12051,446,2857,49871,2299,9361
User_0929,PC_0447,staff,1,0,0,0,0,1,external,1,600,4,6033,326,9996,28857,2722,1775
User_0193,PC_0449,staff,0,0,1,1,0,1,internal,0,601,11,3292,173,3789,30627,3605,4496
User_0997,PC_0185,staff,1,0,1,1,0,1,external,1,602,1,6203,433,4875,29565,1898,387
User_0811,PC_0177,staff,0,0,1,0,0,1,external,0,603,12,2750,474,8605,37025,2206,885
User_0962,PC_0450,manager,0,0,,1,0,1,internal,0,604,6,12933,295,9135,38832,4339,2416
User_0778,PC_0239,staff,0,1,0,0,1,1,external,1,605,1,2975,274,7055,20782,4879,2938
User_0675,PC_0419,staff,0,1,0,1,0,1,external,1,606,10,2140,329,4882,49650,4393,7329
User_0764,PC_0181,senior manager,0,,1,0,1,1,internal,1,607,6,12586,170,8175,33366,2535,8237
User_0713,PC_0303,staff,0,1,0,0,0,1,external,1,608,1,4605,385,8129,39557,4683,8218
,PC_0087,staff,0,0,1,0,0,0,external,0,609,6,11649,317,6021,16798,1077,1365
User_0601,PC_0283,staff,0,1,0,1,1,0,internal,1,610,10,5435,98,5735,20627,3831,3083
User_0805,PC_0444,manager,0,0,1,1,0,1,internal,0,611,8,11158,151,3387,23466,4410,6001
User_0593,PC_0002,staff,0,1,0,0,0,1,internal,1,612,11,6866,212,7582,23720,3721,8031
User_0664,PC_0309,senior manager,0,0,1,0,0,1,internal,1,613,2,6686,318,6866,48292,4627,8243
User_0708,PC_0198,staff,1,1,0,0,0,0,internal,1,614,2,7410,236,3566,17559,2532,8130
User_0040,PC_0145,staff,1,0,0,1,0,0,external,1,615,14,14084,498,1975,30158,1237,8362
User_0889,PC_0245,staff,1,1,0,1,0,1,internal,1,616,15,16082,452,8212,41916,2157,711
User_0326,PC_0378,staff,0,1,0,0,0,1,internal,0,617,13,10401,343,2262,33057,2996,7328
User_0646,PC_0237,manager,0,0,1,0,0,1,internal,0,618,12,15369,231,6047,46892,2215,3623
User_0633,PC_0456,staff,0,0,1,0,1,0,internal,1,619,4,6744,50,8382,22706,4427,5612
User_0639,PC_0009,senior manager,0,0,1,0,0,1,external,1,620,11,4993,205,7231,23070,1277,3802
User_0521,PC_0001,manager,0,1,0,0,0,1,internal,0,621,3,6781,77,4327,11924,4089,5524
User_0924,PC_0143,senior manager,0,0,1,0,1,1,internal,1,622,4,4106,485,6630,37478,1523,8482
User_0366,PC_0155,staff,1,1,0,1,1,1,internal,0,623,13,945,273,3259,16506,1179,1728
User_0924,PC_0200,manager,0,0,1,0,0,1,internal,0,624,12,13820,11,2257,46163,1122,8007
User_0163,PC_0133,manager,0,0,1,1,0,1,external,1,625,7,10398,370,1464,35604,2269,3472
User_0526,PC_0464,manager,1,1,0,0,1,1,internal,1,626,13,5431,134,4294,26310,2757,8308
User_0700,PC_0165,staff,0,1,0,0,0,1,external,1,627,11,14030,119,7774,19226,4444,9889
User_0441,PC_0139,staff,1,1,0,1,0,0,external,0,628,1,8904,95,8431,22781,4122,9358
User_0574,PC_0273,staff,0,1,0,0,1,1,external,1,629,6,5334,434,2230,16515,2094,3239
User_0569,PC_0139,staff,0,0,1,0,1,1,internal,1,630,15,10578,129,4805,47133,1479,2359
User_0366,PC_0033,staff,1,0,0,1,0,0,internal,1,631,15,12424,136,7419,27972,4631,2350
User_0459,PC_0146,staff,0,1,0,1,0,0,external,0,632,3,13666,264,6750,43092,4090,6221
User_0313,PC_0237,senior manager,0,0,1,1,0,1,internal,0,633,11,12692,192,4856,22410,2797,8281
User_0033,PC_0239,staff,1,1,1,0,0,0,external,1,634,10,5704,25,4135,30522,3131,383
User_0414,PC_0426,manager,0,0,1,1,0,1,internal,0,635,7,1435,486,7953,20095,4226,5825
User_0899,PC_0339,staff,1,0,0,1,0,1,external,1,636,10,12733,71,7034,34047,3612,8018
User_0973,PC_0330,senior manager,0,0,1,0,0,1,internal,0,637,2,12013,378,5589,31470,3666,5337
User_0961,PC_0136,staff,0,1,0,0,0,1,internal,0,638,14,9330,441,2546,19531,3404,8894
User_0593,PC_0461,senior manager,0,0,1,1,0,0,internal,0,639,2,6662,167,7065,48038,1815,9655
User_0767,PC_0096,manager,0,1,0,0,0,1,internal,0,640,13,15695,277,2094,33403,3694,4175
User_0443,PC_0206,senior manager,0,1,0,1,0,1,internal,0,641,4,8847,44,3411,40122,1442,6262
User_0859,PC_0053,staff,1,1,0,1,1,1,external,1,642,1,7163,276,3617,27940,4140,7736
User_0238,PC_0144,manager,0,0,1,1,0,0,external,0,643,3,9056,73,9954,40831,3570,5837
User_0743,PC_0107,staff,0,1,0,0,1,1,internal,1,644,13,15875,59,5145,22279,1142,9092
User_0683,PC_0330,manager,1,,0,1,0,1,internal,0,645,9,14339,478,3775,49220,1191,9051
User_0239,PC_0339,,0,0,1,0,1,0,external,0,646,7,1894,264,7628,17477,2410,8102
User_0869,PC_0061,staff,0,0,1,0,0,0,internal,0,647,15,5927,158,4155,28400,1377,7172
User_0476,PC_0494,staff,0,0,1,1,0,1,external,1,648,7,7184,334,4970,17470,3628,1593
User_0815,PC_0391,staff,1,0,0,1,1,1,internal,0,649,13,10596,313,8972,13062,1534,9106
User_0536,PC_0447,staff,1,1,0,1,0,0,external,1,650,13,1638,285,9775,30880,2716,472
User_0259,PC_0469,manager,1,0,0,0,0,1,internal,0,651,11,1659,366,6415,45581,4364,5687
User_0419,PC_0117,staff,0,0,1,0,0,0,internal,0,652,4,9267,460,5331,25308,2032,7171
User_0601,PC_0432,staff,0,0,,1,1,1,external,1,653,2,3548,181,2942,37027,4342,2991
User_0090,PC_0208,senior manager,0,0,1,0,1,0,internal,1,654,15,9267,426,7026,41720,2410,6686
User_0757,PC_0480,senior manager,1,0,0,0,0,0,external,0,655,14,675,210,9301,46081,3140,7723
User_0732,PC_0036,manager,1,0,0,1,0,0,external,0,656,4,12667,454,1191,20706,2989,3419
User_0980,PC_0423,staff,0,0,1,1,0,0,external,0,657,6,4773,402,1861,20837,3576,4067
User_0976,PC_0278,manager,0,1,0,1,0,1,external,1,658,11,3558,333,7711,49599,2177,922
User_0319,PC_0438,senior manager,1,0,0,1,0,1,internal,0,659,11,8113,44,1649,47824,1404,321
User_0135,PC_0476,manager,1,0,0,0,1,1,external,1,660,3,15678,474,5134,44073,3887,6980
User_0559,PC_0426,staff,1,0,0,0,,1,internal,0,661,1,9956,491,8587,43088,2172,9679
User_0900,PC_0323,staff,1,0,0,0,0,1,internal,0,662,14,16243,225,9828,39112,1888,3988
User_0680,PC_0276,staff,0,1,1,0,0,0,external,0,663,12,8126,489,2036,37299,4338,5400
User_0505,PC_0490,senior manager,0,0,1,1,0,0,external,0,664,8,5949,74,5131,45457,1421,3370
User_0291,PC_0145,staff,0,0,1,1,0,0,internal,0,665,12,1023,17,3148,41063,4911,4793
User_0538,PC_0098,manager,0,0,1,0,0,0,external,0,666,13,2300,310,6457,14917,2641,7666
User_0577,PC_0474,staff,0,1,1,0,1,1,external,0,667,5,15074,352,7079,13936,1471,4093
,PC_0481,staff,0,0,1,1,0,0,external,0,668,15,15110,440,3430,47630,3940,2698
,PC_0081,senior manager,0,0,1,1,0,1,internal,0,669,5,14746,433,2879,25506,1546,1766
User_0380,PC_0184,staff,0,1,0,1,0,1,internal,1,670,11,10587,341,8542,39805,1630,4857
User_0788,PC_0479,senior manager,0,0,1,1,0,0,internal,0,671,4,11477,447,3011,25318,4597,1654
User_0221,PC_0462,staff,0,1,0,0,0,1,internal,0,672,6,1805,85,4373,37026,4574,6215
User_0936,PC_0115,staff,0,0,1,1,0,0,internal,0,673,3,15046,183,8357,38672,2037,5537
User_0667,PC_0030,staff,0,1,0,0,1,1,internal,1,674,9,10212,56,2289,49417,3825,6341
User_0458,PC_0308,staff,0,0,1,1,1,,external,0,675,5,6396,24,2447,38281,4723,9372
User_0391,PC_0497,staff,0,0,1,0,1,1,internal,0,676,3,11093,370,4199,39091,2829,187
User_0698,PC_0057,manager,1,0,0,0,0,0,internal,0,677,11,3972,156,7381,49328,1363,7215
User_0603,PC_0444,staff,0,0,1,1,0,1,,0,678,1,13053,35,8522,29610,3166,2803
User_0443,PC_0163,staff,1,0,0,0,0,0,external,1,679,10,13750,317,7059,12079,4309,2518
User_0168,PC_0189,staff,0,1,0,1,1,1,external,1,680,12,4737,102,4183,40850,1545,4247
User_0823,PC_0261,staff,0,0,1,1,1,0,internal,0,681,6,14141,415,6462,31590,4240,1847
User_0875,PC_0047,manager,1,1,0,0,0,1,internal,1,682,15,8154,241,4216,41951,3569,8332
User_0861,PC_0482,staff,0,1,1,1,0,0,external,1,683,2,6804,30,4136,26327,1633,138
User_0675,PC_0081,staff,1,1,1,1,0,1,external,0,684,13,2549,316,4318,23755,2936,7143
User_0989,PC_0462,senior manager,0,0,1,1,0,1,external,1,685,3,5093,47,3782,18235,2680,2251
User_0986,PC_0434,senior manager,1,1,1,1,1,1,external,1,686,1,8014,285,8657,28197,1962,4037
User_0712,PC_0103,manager,0,1,0,0,0,1,internal,1,687,9,11156,166,5920,32473,4005,6986
User_0250,PC_0168,staff,0,1,0,1,0,0,external,0,688,8,7049,188,7324,13031,4806,308
User_0695,PC_0162,staff,0,1,0,0,1,1,internal,1,689,12,7894,141,7327,25287,1882,699
User_0581,PC_0017,staff,0,1,0,1,0,1,internal,0,690,2,8249,320,9417,49679,4840,8896
User_0267,PC_0352,staff,0,1,0,1,0,0,internal,1,691,15,6263,464,1776,43230,3827,3809
User_0485,PC_0479,staff,0,1,1,1,1,1,external,0,692,12,5798,357,6208,30037,1870,7826
User_0441,PC_0249,manager,0,1,0,0,0,0,internal,1,693,11,9348,37,1687,38052,1515,313
User_0753,PC_0141,staff,1,1,0,1,1,1,external,1,694,8,14656,269,1529,14340,3985,5823
User_0321,PC_0130,staff,0,0,1,1,0,0,internal,0,695,12,11532,415,6067,12141,2420,6652
User_0583,PC_0484,staff,0,0,1,0,1,0,internal,0,696,14,6612,85,9080,36425,1865,9868
User_0753,PC_0269,senior manager,0,0,1,0,0,1,internal,0,697,9,10457,438,6518,30281,3153,6338
User_0481,PC_0466,staff,0,1,0,1,0,0,internal,0,698,1,8689,76,3153,31425,2108,8560
User_0084,PC_0220,staff,1,0,0,1,1,1,internal,1,699,13,15084,351,7094,45806,1213,2508
User_0185,PC_0095,manager,0,0,1,1,0,1,internal,1,700,5,7636,203,7974,43113,4192,8072
User_0201,PC_0237,manager,0,1,0,1,0,0,internal,1,701,8,16308,481,5774,15270,4203,4878
User_0814,PC_0187,staff,0,1,0,1,0,1,external,1,702,15,2641,171,8692,15683,3897,922
User_0863,PC_0355,staff,0,0,1,0,0,1,external,1,703,11,14564,356,4103,40809,3244,6200
User_0570,PC_0039,staff,0,0,1,0,0,0,internal,1,704,14,4524,448,3440,45552,1018,2695
User_0848,PC_0378,staff,1,0,0,0,0,0,internal,0,705,2,927,370,5135,14786,1641,8217
User_0709,PC_0451,senior manager,1,1,0,0,1,1,internal,1,706,4,419,266,8124,32650,4083,4053
User_0375,PC_0258,staff,0,1,0,1,0,0,external,0,707,7,8912,81,6201,39706,2104,3931
User_0222,PC_0075,manager,0,0,1,1,1,1,internal,1,708,3,11490,96,1844,20190,1329,4683
User_0430,PC_0014,,0,0,1,1,0,0,internal,0,709,13,4848,431,1446,49196,1865,6335
User_0300,PC_0042,staff,0,1,0,1,0,1,internal,1,710,12,5051,271,4915,40709,1773,8942
User_0993,PC_0121,staff,0,1,0,0,0,0,internal,0,711,5,10890,223,4109,25892,1391,8083
User_0610,PC_0125,senior manager,0,0,1,1,1,0,internal,1,712,8,5054,162,2234,20643,1636,6600
User_0077,PC_0439,staff,1,1,0,0,1,1,external,1,713,12,6292,219,7587,20943,3354,5951
User_0699,PC_0295,staff,0,0,1,0,1,0,internal,0,714,10,2611,410,1226,32042,4338,1734
User_0097,PC_0077,staff,0,,1,1,0,0,internal,1,715,3,6143,70,5143,17869,4518,4914
User_0857,PC_0279,staff,0,1,0,1,0,1,external,1,716,4,12726,277,8185,31918,4512,1267
User_0760,PC_0277,staff,0,0,1,1,1,1,external,1,717,14,13172,271,6558,39379,3942,4176
User_0911,PC_0294,staff,0,0,1,0,0,1,external,0,718,15,8217,227,1186,36274,3699,8490
User_0836,PC_0189,senior manager,0,0,1,1,0,0,internal,1,719,9,11005,292,3535,28696,3888,7058
User_0546,PC_0437,staff,1,0,0,1,1,1,internal,0,720,14,6083,145,2932,13962,2025,5542
User_0651,PC_0434,staff,0,0,1,1,0,0,internal,0,721,14,8993,476,3032,24851,3567,9647
User_0332,PC_0440,senior manager,0,0,1,1,1,1,internal,0,722,7,14131,389,2252,16296,4833,6460
User_0522,PC_0488,staff,0,0,1,0,1,1,external,1,723,1,4975,371,6509,25745,2674,6799
User_0930,PC_0107,staff,1,0,0,1,0,1,internal,1,724,14,12283,458,6074,16730,3683,3605
User_0420,PC_0377,senior manager,0,1,0,0,0,0,internal,0,725,12,849,450,2881,24921,4380,902
User_0065,PC_0220,staff,0,0,1,0,0,1,external,0,726,4,5095,102,1269,43894,1739,7727
User_0731,PC_0207,manager,1,1,0,1,0,0,internal,1,727,4,7650,118,2630,16602,2545,8992
User_0442,PC_0118,staff,0,0,1,1,0,1,external,0,728,9,14312,250,5405,28575,1468,602
User_0738,PC_0433,manager,0,0,1,1,0,0,internal,0,729,6,12252,364,7139,30023,3259,5925
User_0349,PC_0170,staff,0,0,1,1,0,0,internal,0,730,9,9907,433,2574,26997,2135,8039
User_0693,PC_0239,staff,0,0,1,0,0,1,internal,0,731,12,14492,151,2695,28750,2031,6132
User_0400,PC_0104,staff,1,0,0,1,0,1,external,1,732,15,3749,300,4258,33837,3851,7506
User_0220,PC_0071,senior manager,0,0,1,0,0,0,internal,0,733,6,11049,441,4262,25997,3524,4819
User_0605,PC_0069,staff,1,0,0,0,1,1,external,1,734,6,6420,246,2445,34067,1873,7848
User_0740,PC_0103,senior manager,1,0,0,0,,1,external,0,735,5,15145,349,7263,31923,1459,2970
User_0596,PC_0271,senior manager,0,0,1,1,1,1,internal,0,736,5,10892,321,9411,19876,3300,4858
User_0109,PC_0291,manager,0,1,0,1,0,0,internal,0,737,2,2928,186,1052,13887,2549,6068
User_0428,PC_0296,manager,0,0,1,1,1,1,external,1,738,8,4456,150,6570,47854,1751,9710
User_0513,PC_0488,staff,1,0,0,0,0,1,internal,1,739,8,14783,198,8579,47948,2461,1198
User_0556,PC_0364,staff,0,0,1,1,0,0,external,0,740,11,272,495,2666,13841,2777,3269
User_0414,PC_0327,staff,0,0,1,0,1,1,external,0,741,13,3447,58,7901,39756,4028,482
User_0667,PC_0270,staff,0,1,0,1,0,1,external,1,742,1,648,311,3785,17040,1853,7890
User_0778,PC_0295,senior manager,1,0,1,0,1,1,external,1,743,8,8872,378,1719,21304,4732,4040
User_0585,PC_0449,staff,0,1,0,0,1,0,internal,0,744,5,6528,199,9597,41341,3283,9685
User_0339,PC_0122,staff,0,0,1,1,1,1,internal,0,745,2,15745,145,7855,15758,2329,7552
User_0080,PC_0326,staff,0,0,1,0,1,1,internal,0,746,14,827,52,3294,28010,1477,6552
User_0485,PC_0500,staff,0,0,1,1,0,0,external,0,747,2,3887,413,9263,42658,3726,9944
User_0082,PC_0365,senior manager,0,1,0,0,0,0,internal,0,748,14,6428,389,5482,48782,4091,4371
User_0694,PC_0041,staff,0,0,1,0,0,1,internal,0,749,15,9568,362,1698,12375,3263,4423
User_0249,PC_0107,staff,1,0,1,1,0,1,internal,0,750,15,7433,99,8243,44949,3902,2138
User_0430,PC_0201,staff,0,1,0,0,1,1,external,0,751,6,8689,304,6918,33092,1134,5561
User_0945,PC_0011,staff,0,0,1,1,1,1,internal,1,752,11,4153,350,1348,11490,3952,8163
User_0168,PC_0102,senior manager,1,0,0,0,0,1,internal,0,753,13,12543,254,6374,14729,2152,2085
User_0821,PC_0111,staff,0,1,0,1,0,0,internal,1,754,9,8379,442,8869,16974,1409,1362
User_0770,PC_0354,manager,0,1,0,1,1,1,internal,0,755,1,2535,201,1307,30680,2445,5831
User_0069,PC_0140,staff,0,0,1,1,0,1,internal,0,756,12,9236,327,4416,29324,2317,5216
User_0643,PC_0454,senior manager,0,0,1,1,0,1,internal,1,757,6,7707,115,5820,42334,2269,449
User_0104,,staff,0,1,0,1,0,1,internal,0,758,9,9162,372,4558,32398,4772,540
,PC_0414,manager,0,0,1,0,0,0,internal,0,759,8,13302,319,5478,45650,2579,2908
User_0654,PC_0085,manager,0,1,0,1,1,1,,1,760,11,11297,391,7531,32292,1085,2662
User_0210,PC_0290,staff,0,0,1,1,0,1,external,1,761,6,1031,242,5620,46755,3603,3252
User_0546,PC_0073,staff,0,1,0,1,0,0,external,0,762,3,12474,274,3985,49353,2865,9676
User_0997,PC_0023,staff,0,1,0,1,1,1,internal,0,763,8,7125,353,9112,14159,4446,8579
User_0449,PC_0128,staff,0,0,1,0,0,1,internal,0,764,9,2503,46,9467,43626,2469,9289
User_0782,PC_0142,staff,0,1,0,0,1,1,internal,1,765,1,7344,314,3547,40351,1377,2433
User_0623,PC_0020,senior manager,1,1,0,1,0,0,external,0,766,12,334,50,1336,48298,4461,9714
User_0583,PC_0218,staff,0,1,0,0,0,1,external,1,767,9,8336,26,3979,28065,2680,173
User_0557,PC_0053,staff,1,0,0,0,1,1,internal,0,768,14,7355,353,4968,32638,2074,9754
User_0232,PC_0333,staff,0,1,0,0,,0,external,0,769,15,4182,286,1910,12073,1241,7644
User_0767,PC_0223,staff,0,,0,0,0,0,internal,0,770,6,9303,316,2996,29771,4365,7049
User_0900,PC_0183,senior manager,0,0,1,0,0,0,internal,0,771,6,7596,68,4129,46461,1919,2305
User_0332,PC_0250,senior manager,0,0,1,1,0,1,internal,0,772,12,15058,432,6447,40320,2586,8721
User_0350,PC_0064,staff,0,1,0,0,0,1,internal,0,773,4,15172,192,7129,15340,3313,1571
User_0678,PC_0114,manager,1,1,0,1,1,1,external,1,774,1,13983,50,6850,45924,4191,3581
User_0110,PC_0036,staff,0,0,1,1,0,1,internal,0,775,10,7339,48,5204,27184,3759,7638
User_0388,PC_0216,staff,0,1,0,0,0,1,external,1,776,8,15040,406,8446,13580,4988,3280
User_0950,PC_0487,staff,0,0,1,0,0,0,internal,0,777,2,6486,201,9519,39967,2271,1830
User_0207,PC_0101,staff,,0,1,1,0,0,external,0,778,12,10596,276,1314,13159,1069,135
User_0546,PC_0186,staff,0,1,0,1,0,0,internal,1,779,1,9479,156,2134,24900,4924,1120
User_0199,PC_0443,manager,0,0,1,0,0,1,internal,0,780,2,5196,404,5876,22440,3104,5634
User_0607,PC_0089,manager,0,0,1,0,0,1,external,1,781,1,3527,342,9102,25678,2405,7261
User_0669,,staff,1,0,0,1,0,1,internal,0,782,1,12024,136,9347,23021,3086,8109
User_0693,PC_0373,staff,0,1,0,0,,1,external,1,783,9,12630,55,6592,17772,3007,3217
User_0595,PC_0071,staff,0,0,1,1,1,0,internal,0,784,13,14634,54,2724,12627,1800,2635
User_0414,PC_0208,manager,0,0,1,1,0,0,internal,0,785,14,3712,10,4343,19219,4514,4814
User_0202,PC_0048,staff,0,1,0,0,0,1,internal,1,786,1,8044,177,1886,34464,2041,8437
User_0082,PC_0024,staff,0,0,1,0,0,1,external,0,787,13,11954,117,1721,41232,3779,5063
User_0056,PC_0158,staff,0,1,0,1,0,1,internal,1,788,4,8855,28,8678,19488,1824,6191
User_0757,PC_0172,staff,0,0,1,0,0,1,internal,0,789,10,7906,341,4357,45949,1755,1126
User_0778,PC_0074,staff,0,0,1,0,1,0,external,0,790,6,2967,81,1870,29981,3399,3765
User_0144,PC_0433,staff,0,0,1,1,0,0,internal,0,791,7,11536,465,7751,11901,2995,1386
User_0174,PC_0314,staff,1,1,0,1,1,1,internal,0,792,2,1924,454,1497,33444,2839,2946
User_0074,PC_0373,staff,0,1,0,1,1,1,external,0,793,6,403,118,2756,29061,2321,8612
User_0380,PC_0136,staff,1,0,0,,0,0,external,1,794,7,6676,277,2117,13881,3330,7874
User_0484,PC_0094,staff,1,0,0,0,1,1,internal,1,795,10,12775,454,3828,40863,2609,2393
User_0718,PC_0276,senior manager,0,0,1,0,1,0,internal,0,796,14,12345,249,2647,16622,1109,1712
User_0926,PC_0379,staff,0,1,0,1,1,1,external,0,797,10,10398,426,7992,12378,2016,576
User_0210,PC_0034,senior manager,0,0,1,0,0,0,external,0,798,2,621,310,7771,28632,4251,7526
User_0483,PC_0265,staff,0,1,0,1,1,0,internal,1,799,15,15843,99,1142,39311,2961,9074
User_0286,PC_0084,staff,0,0,1,0,0,1,internal,0,800,2,10122,112,3761,16650,3591,2047
User_0759,PC_0331,senior manager,0,1,0,0,0,1,internal,0,801,10,4787,485,4435,18036,2769,3431
User_0780,PC_0394,staff,0,0,1,1,0,0,external,0,802,7,12942,259,7622,33499,4865,5360
User_0115,PC_0026,senior manager,1,0,0,0,0,1,external,0,803,12,5586,462,8069,48016,1024,6166
User_0109,PC_0154,staff,0,1,0,1,0,1,external,1,804,1,5766,17,5512,15603,1842,7747
User_0555,PC_0332,staff,1,0,0,1,0,0,internal,1,805,8,10994,162,2848,38773,3838,5569
User_0961,PC_0163,staff,0,0,1,0,0,0,internal,0,806,11,15131,356,3696,30937,1737,1693
User_0637,PC_0157,senior manager,0,0,1,0,1,1,external,1,807,13,9010,183,2717,23632,3104,7804
User_0305,PC_0422,staff,0,1,0,1,0,1,internal,0,808,3,12010,352,4072,41607,1179,6254
User_0570,PC_0465,senior manager,0,0,1,0,1,1,external,1,809,11,10937,167,3786,37337,1231,356
User_0109,PC_0188,staff,0,0,1,0,0,0,internal,0,810,6,13828,440,4791,11220,2917,6612
User_0400,PC_0258,senior manager,0,0,1,0,0,1,internal,0,811,9,9220,224,4871,15818,1342,3091
User_0553,PC_0074,staff,1,1,1,0,0,0,external,0,812,6,6749,186,2806,18349,1476,1517
User_0696,PC_0230,staff,0,0,1,1,0,0,external,0,813,9,10485,184,2504,16618,2822,7860
User_0168,PC_0472,staff,0,0,1,0,0,1,internal,0,814,7,11871,349,4308,38464,3623,8065
User_0475,PC_0427,manager,0,0,1,0,1,0,internal,1,815,15,11015,347,8117,48344,1454,4214
User_0774,PC_0204,staff,0,0,1,0,0,0,internal,0,816,9,5695,155,6048,29255,2255,8401
User_0506,PC_0084,staff,0,1,0,1,0,0,external,0,817,2,14729,459,9263,35299,1288,2652
User_0975,PC_0309,senior manager,0,0,1,0,1,1,internal,0,818,12,10021,333,2690,12462,2236,9349
User_0483,PC_0043,staff,0,0,1,0,0,,external,0,819,8,12142,487,4303,26905,3305,5507
User_0950,PC_0198,staff,0,0,1,1,0,1,internal,1,820,8,13535,170,4113,35920,1529,4833
User_0752,PC_0081,staff,1,0,0,1,0,1,external,0,821,2,6767,136,8850,27252,3734,2142
User_0306,PC_0111,staff,0,1,0,0,0,0,external,1,822,12,11739,429,7416,45836,3976,2281
User_0054,PC_0373,staff,0,1,0,0,1,1,external,0,823,14,7760,91,2504,16753,3276,4592
User_0968,PC_0264,staff,0,1,0,0,0,1,internal,0,824,4,1502,494,9924,25175,4297,3658
User_0943,PC_0013,manager,1,0,0,1,0,1,internal,0,825,14,12167,156,4924,17191,1595,9913
User_0920,PC_0023,senior manager,1,0,0,1,0,0,internal,0,826,15,4095,248,9615,28898,4874,3758
User_0959,PC_0496,staff,0,0,1,0,0,0,internal,0,827,11,8807,421,5485,29982,1434,2794
User_0112,PC_0282,staff,0,0,1,1,0,1,internal,1,828,15,13464,433,9100,25622,1881,3984
User_0408,PC_0157,manager,0,0,1,0,0,0,internal,0,829,7,2632,93,9684,12001,4068,4880
User_0150,PC_0149,staff,0,1,0,0,0,1,internal,0,830,11,3265,122,1191,34283,2781,3384
User_0157,PC_0068,staff,1,0,0,0,1,1,external,1,831,4,15054,234,9690,32435,1401,6052
User_0020,PC_0325,staff,0,0,1,0,1,0,internal,0,832,4,11441,341,5917,38223,3669,7617
User_0873,PC_0043,staff,0,0,1,0,0,0,internal,0,833,6,9410,387,6831,48244,4837,6262
User_0533,PC_0007,staff,0,1,0,1,0,0,internal,1,834,10,12080,252,5322,41024,3135,5206
User_0346,PC_0334,senior manager,0,0,1,1,1,1,external,1,835,6,2083,152,7999,41734,3631,2266
User_0791,PC_0398,manager,0,0,1,1,0,1,external,0,836,10,15997,50,8282,11515,4964,4497
User_0731,PC_0004,staff,1,0,0,0,0,1,internal,1,837,15,7235,432,2874,12191,2565,7768
User_0097,PC_0252,senior manager,0,0,1,1,0,1,external,1,838,3,10061,267,5763,43264,4755,3492
User_0166,PC_0283,senior manager,0,0,1,1,0,1,internal,0,839,15,10088,456,9464,17297,1308,3811
User_0408,PC_0022,staff,0,0,1,0,0,0,external,0,840,9,10664,294,2051,38856,3953,5979
User_0022,PC_0499,,0,0,1,1,0,1,internal,0,841,12,12760,114,8538,19334,1342,1686
User_0649,PC_0400,staff,0,0,1,1,0,1,external,0,842,10,8825,211,8411,35162,1435,9506
User_0014,PC_0166,staff,0,0,1,0,1,0,internal,0,843,14,12662,459,7320,17008,1176,7238
User_0312,PC_0040,senior manager,0,1,1,1,1,1,internal,0,844,11,4541,316,3105,18987,1138,7762
User_0457,PC_0246,senior manager,0,0,1,1,0,1,external,0,845,2,7166,340,1307,41966,1193,7504
User_0708,PC_0225,staff,0,0,1,0,0,0,internal,0,846,6,8817,470,8737,14332,4257,9937
User_0080,PC_0450,staff,0,0,1,1,0,0,external,0,847,12,14345,275,4359,11787,4289,9642
User_0598,PC_0095,manager,0,0,1,1,0,1,external,1,848,7,2452,407,4176,49990,4235,8656
User_0966,PC_0021,manager,1,0,0,1,1,1,external,0,849,12,4003,219,2251,20873,2184,4039
User_0063,PC_0365,senior manager,0,1,0,0,1,0,external,0,850,13,9099,60,6366,28006,1942,3299
User_0032,PC_0073,senior manager,0,0,1,1,0,1,internal,0,851,9,6234,127,2517,31225,1524,9918
User_0074,PC_0094,staff,0,0,1,1,0,1,external,1,852,13,5863,210,7226,47444,4879,9937
User_0936,PC_0264,staff,0,0,1,1,1,0,external,0,853,3,1025,386,6305,46340,2624,7041
User_0708,PC_0415,manager,0,0,1,1,1,0,internal,0,854,10,10869,48,6869,16033,4907,1081
User_0778,PC_0384,staff,0,0,1,1,1,0,internal,0,855,3,1036,37,9039,18788,4113,3652
User_0415,PC_0339,staff,0,0,1,0,0,0,internal,0,856,7,10164,268,5891,26689,3962,1021
User_0923,PC_0251,manager,0,0,1,0,0,0,internal,1,857,14,6559,93,5992,32598,3257,3758
User_0662,PC_0188,manager,0,0,1,0,0,0,internal,0,858,4,14942,463,2961,48480,1740,4095
User_0382,PC_0154,staff,0,1,0,0,1,1,external,1,859,13,4239,164,3863,40703,1861,7164
User_0080,PC_0053,staff,0,0,1,1,1,1,internal,0,860,8,9759,126,7603,11066,4346,5152
User_0256,PC_0258,manager,0,0,1,1,0,0,internal,0,861,13,11807,11,5567,18533,1953,5506
User_0027,PC_0418,staff,0,1,0,1,1,0,internal,0,862,7,15483,102,7513,26103,2302,4377
User_0719,PC_0382,manager,0,0,1,0,0,0,internal,0,863,5,13793,175,5005,15616,2274,1574
User_0291,PC_0095,staff,1,1,1,0,1,1,internal,0,864,7,8970,396,1183,49498,4381,7198
User_0392,PC_0350,staff,1,0,1,0,0,1,internal,0,865,3,777,409,8755,22772,2743,3867
User_0251,PC_0130,staff,0,0,1,0,1,0,internal,0,866,12,13326,359,4358,34849,3880,6819
User_0149,PC_0001,manager,0,0,1,0,0,1,external,1,867,2,10768,305,7615,23940,3187,8694
User_0393,PC_0390,senior manager,0,0,1,1,0,,internal,0,868,6,9383,267,7797,27932,1791,9439
User_0970,PC_0233,manager,0,1,0,1,0,0,internal,0,869,2,7825,90,9728,40769,1545,712
User_0483,PC_0206,staff,1,1,1,1,1,1,internal,0,870,3,10678,434,8678,35648,2844,7386
User_0193,PC_0025,staff,0,0,1,1,0,1,internal,0,871,6,12488,277,6698,43966,2016,9905
User_0463,PC_0453,staff,1,0,0,0,0,0,internal,0,872,5,6040,428,2273,38777,2927,3117
User_0649,PC_0120,manager,0,0,1,1,0,0,internal,1,873,8,4839,244,7653,43567,2553,4888
User_0539,PC_0399,staff,1,0,0,1,0,0,external,0,874,9,6202,330,2096,28174,1056,7202
User_0459,PC_0209,senior manager,0,0,1,1,0,0,external,0,875,11,5197,320,9002,24798,3159,3301
User_0295,PC_0166,staff,0,1,0,,0,1,external,1,876,3,6523,310,5247,28558,1004,852
User_0657,PC_0093,senior manager,1,0,0,0,0,1,internal,0,877,12,7384,472,6314,11178,4481,7656
User_0457,PC_0467,staff,0,0,1,1,1,1,internal,0,878,10,12145,483,4354,31470,2437,1441
User_0244,PC_0322,staff,1,0,0,1,1,1,external,1,879,3,11285,366,1270,28118,4253,8796
User_0133,PC_0130,manager,0,0,1,0,0,0,internal,0,880,3,12531,222,2186,33616,4084,7114
User_0821,PC_0182,manager,0,0,1,1,1,1,external,1,881,13,2717,71,7305,11798,2362,6855
User_0636,PC_0078,staff,1,1,0,1,0,1,internal,0,882,13,14547,58,3398,18601,2820,3582
User_0239,PC_0138,manager,0,0,1,0,0,0,internal,0,883,6,14292,136,7995,36363,2282,7828
User_0158,PC_0448,senior manager,0,1,0,1,1,1,internal,1,884,15,11691,232,8299,13795,3137,5665
User_0117,PC_0330,staff,0,0,1,1,0,0,internal,0,885,15,11807,418,5182,42926,3663,7711
User_0436,PC_0025,manager,1,0,0,0,0,1,external,1,886,1,16050,288,3230,48356,3938,8030
User_0039,PC_0216,staff,1,0,0,0,1,1,internal,1,887,7,941,417,7511,18297,3745,6617
User_0639,PC_0210,senior manager,1,0,0,1,0,0,internal,0,888,12,2416,303,1128,14084,2273,2522
User_0111,PC_0325,manager,1,0,0,1,0,0,external,0,889,1,7287,293,4672,41329,4326,8965
User_0774,PC_0059,manager,0,0,1,0,1,1,external,1,890,14,12436,286,5765,22110,4659,6085
User_0319,PC_0092,senior manager,0,1,0,0,1,0,internal,0,891,5,12514,447,4970,11731,3945,7047
User_0390,PC_0428,manager,0,1,0,1,0,0,internal,0,892,15,14713,116,8545,12129,4018,8884
User_0521,PC_0478,staff,0,0,1,0,1,0,internal,1,893,10,10015,155,6552,39022,2131,7735
User_0435,PC_0190,manager,0,0,1,1,0,0,external,0,894,13,5597,429,1627,12605,1667,3768
User_0863,PC_0375,staff,0,0,1,0,1,1,external,0,895,8,16246,108,7589,22970,3641,6562
User_0131,PC_0267,senior manager,0,0,1,1,0,1,internal,1,896,4,294,438,3044,40265,3636,3238
User_0228,PC_0117,manager,0,0,1,1,0,1,internal,0,897,5,10992,384,3341,43330,3532,4609
User_0115,PC_0132,staff,0,1,0,1,0,1,external,1,898,4,5131,82,6884,13933,4029,2600
User_0936,PC_0278,staff,0,0,1,0,0,0,external,0,899,12,1512,446,9185,26187,4019,2893
User_0323,PC_0136,staff,1,1,0,0,1,1,external,0,900,12,11438,495,1249,36791,2281,4393
User_0148,PC_0374,staff,1,0,0,1,1,1,internal,0,901,14,7953,131,3925,35900,3686,5499
User_0814,PC_0061,staff,0,1,0,1,1,0,external,0,902,4,2452,39,6043,16074,1996,399
User_0539,PC_0089,staff,0,1,0,0,1,0,internal,0,903,12,11916,197,1974,37426,2926,2006
User_0948,PC_0419,staff,0,0,1,0,0,0,external,0,904,8,7421,373,8192,11893,1281,2585
User_0147,PC_0320,manager,0,0,1,1,0,1,internal,0,905,2,11156,363,3672,45158,4033,7559
User_0791,PC_0298,senior manager,1,0,0,0,0,0,internal,0,906,1,16253,297,8279,30773,4159,8498
User_0619,PC_0165,staff,0,0,1,0,1,1,internal,1,907,3,14471,460,8531,15239,2227,6220
User_0385,PC_0112,staff,0,0,1,0,1,0,internal,0,908,9,557,204,9662,31863,3063,8585
User_0234,PC_0264,staff,0,0,1,1,1,1,external,0,909,4,7783,165,2987,14432,4222,1973
User_0427,PC_0318,manager,1,0,0,1,0,1,internal,0,910,10,6637,181,1090,46139,1935,6202
User_0227,PC_0457,staff,0,1,0,1,1,1,internal,1,911,5,902,344,9721,12515,1253,6272
User_0571,PC_0325,senior manager,0,1,0,0,0,0,internal,0,912,2,13206,50,5059,42670,2211,6422
User_0455,PC_0336,senior manager,0,1,0,1,0,1,internal,0,913,4,14827,72,3773,25605,1328,2188
User_0366,PC_0327,manager,0,1,0,1,0,0,external,1,914,2,10207,32,9383,16586,3591,7737
User_0530,PC_0009,senior manager,0,1,0,0,1,1,internal,1,915,15,14794,369,8409,46685,3830,5411
,PC_0253,senior manager,1,0,0,0,0,0,external,0,916,2,12799,84,5440,42186,4044,6587
User_0767,PC_0238,staff,0,1,0,1,0,1,external,0,917,4,9045,57,8347,37928,2420,6980
User_0689,PC_0211,manager,0,0,1,1,0,1,internal,0,918,6,9109,169,2008,43728,2540,4821
User_0316,PC_0221,staff,0,,1,0,0,0,external,0,919,7,4586,322,4783,28551,4530,3526
User_0467,PC_0094,staff,0,1,0,0,1,1,internal,1,920,10,9816,127,7646,32493,4401,628
User_0500,PC_0183,manager,1,0,0,0,1,1,external,0,921,3,11029,109,5298,31711,4891,2024
User_0948,PC_0026,staff,1,0,0,0,0,1,external,0,922,3,7259,389,5668,31039,3892,6560
User_0701,PC_0208,manager,0,0,1,0,1,1,external,0,923,10,12316,426,5287,47561,2192,6076
User_0779,PC_0463,staff,0,0,1,0,0,0,internal,0,924,6,3793,417,3052,20947,2716,6121
User_0049,PC_0052,manager,0,0,1,1,1,1,external,0,925,13,13313,176,7009,43335,3413,9652
User_0465,PC_0142,senior manager,0,0,1,1,1,1,internal,0,926,12,15132,299,2716,26859,2201,962
User_0108,PC_0072,senior manager,0,0,1,1,0,1,external,1,927,3,12756,449,1310,34122,1654,4420
User_0029,PC_0452,senior manager,0,0,1,1,0,1,internal,0,928,13,4814,165,5538,12577,2385,3594
User_0376,PC_0438,manager,0,1,0,1,0,1,internal,0,929,2,6835,430,2260,39350,1759,6152
User_0252,PC_0137,staff,0,1,1,0,0,1,external,1,930,8,8730,16,4932,44798,3686,8359
User_0848,PC_0052,manager,0,0,1,1,1,1,internal,0,931,5,16177,205,1584,42898,2798,1742
User_0894,PC_0074,staff,0,1,0,1,1,1,external,0,932,15,12126,430,8616,26881,2063,9312
User_0365,PC_0386,staff,0,1,0,1,0,1,internal,0,933,1,9934,65,9551,21785,3971,5296
User_0820,PC_0277,staff,1,0,0,1,1,1,external,1,934,3,4338,330,3866,17691,1415,7099
User_0739,PC_0455,staff,0,1,0,0,0,0,external,1,935,10,13974,202,6898,28297,4426,7422
User_0500,PC_0106,senior manager,0,1,0,0,0,1,external,1,936,8,4439,56,3011,17358,1254,3243
User_0831,PC_0221,manager,0,,1,1,0,0,internal,0,937,4,13611,157,7251,30581,2166,1570
User_0477,PC_0477,manager,0,1,1,,0,1,internal,0,938,14,8908,284,5939,12462,4823,5778
User_0400,PC_0410,manager,0,0,1,1,0,0,internal,0,939,7,10773,166,5006,26511,4811,1482
User_0909,PC_0279,staff,0,1,0,,1,0,external,0,940,10,4010,211,2625,21570,2876,5496
User_0861,PC_0467,staff,1,0,0,0,0,0,external,0,941,12,10916,453,1890,26474,3757,9628
User_0558,PC_0337,manager,0,1,0,1,0,0,internal,0,942,14,1980,411,7078,18037,3624,7214
User_0033,PC_0417,staff,0,0,1,0,0,0,external,0,943,14,1632,485,8036,39129,1899,9534
User_0404,PC_0017,staff,0,1,0,1,1,1,external,1,944,2,11191,428,9923,24386,3058,1805
User_0988,PC_0041,senior manager,1,1,0,0,1,1,external,1,945,7,8962,436,4961,17221,4691,6097
User_0018,PC_0488,staff,0,0,1,0,0,0,external,0,946,5,9150,488,3504,34474,1025,6163
User_0273,PC_0283,staff,1,0,0,0,0,1,internal,0,947,5,1909,484,9806,32045,4004,8062
User_0349,PC_0439,manager,1,0,0,0,,0,external,0,948,6,2322,135,4806,36783,1420,8196
User_0279,PC_0218,manager,0,1,0,0,,1,internal,0,949,13,278,404,7100,15922,4734,2694
User_0145,PC_0255,staff,0,0,1,0,0,1,external,1,950,9,2716,314,2719,33706,2244,9971
User_0505,PC_0443,senior manager,0,0,1,0,1,0,external,0,951,14,13597,378,7686,43479,2876,1415
User_0827,PC_0439,staff,0,0,1,1,0,0,internal,0,952,6,6182,303,2587,16178,3543,8239
User_0839,PC_0133,staff,0,1,0,1,0,1,external,1,953,12,6507,73,8000,41022,2260,8859
User_0536,PC_0433,senior manager,0,0,1,0,0,0,external,0,954,13,15982,334,1896,26240,3284,2804
User_0026,PC_0233,staff,0,1,0,1,1,1,internal,1,955,15,9752,401,6558,37220,2008,5825
User_0353,PC_0298,staff,0,0,1,1,1,0,internal,1,956,14,7551,427,9469,47736,1218,4791
User_0671,PC_0040,senior manager,0,0,1,1,0,1,internal,0,957,8,3556,185,5647,13716,2510,8939
User_0659,PC_0323,staff,0,0,1,0,0,0,external,0,958,7,13678,125,3432,27574,2959,224
User_0589,PC_0390,staff,0,1,0,1,0,0,external,1,959,9,6535,449,4904,28719,3508,9829
User_0667,PC_0426,staff,0,0,1,1,0,0,internal,0,960,4,8809,213,7837,19181,1662,5197
User_0130,PC_0467,staff,0,0,1,1,1,0,external,0,961,2,7609,495,2449,31213,3682,4907
User_0666,PC_0381,staff,1,0,0,0,1,1,external,0,962,7,3983,330,5500,17380,4215,2070
User_0474,PC_0112,senior manager,0,1,0,0,0,0,external,0,963,6,16199,40,6454,11615,1989,2862
User_0888,PC_0411,senior manager,0,0,1,0,0,1,internal,0,964,1,6528,397,5117,11463,1188,5617
User_0138,PC_0130,manager,0,1,1,1,1,1,internal,0,965,11,6251,122,9869,42973,1254,914
User_0331,PC_0207,senior manager,0,0,1,0,1,0,internal,1,966,9,9732,374,3028,20158,1067,3201
User_0347,PC_0161,staff,0,1,0,0,0,0,internal,1,967,9,770,443,7845,31651,1615,1754
User_0280,PC_0286,manager,0,0,1,1,1,0,internal,1,968,12,704,334,4758,14158,3383,231
User_0436,PC_0049,staff,0,1,0,0,1,0,external,0,969,2,6275,423,6904,31008,3718,8522
User_0162,PC_0190,manager,1,0,0,1,0,1,internal,1,970,3,15719,385,5624,15938,3868,494
User_0810,PC_0131,senior manager,0,0,1,0,0,,internal,0,971,5,14050,353,9848,49185,1873,7419
User_0388,PC_0303,staff,0,1,0,1,1,1,external,1,972,5,5599,452,1165,33388,4480,3673
User_0064,PC_0426,senior manager,0,1,0,0,0,1,internal,0,973,15,10303,76,5591,19881,3347,9273
User_0119,PC_0380,senior manager,0,1,0,1,0,0,external,0,974,1,13417,84,1589,16603,4979,7206
User_0017,PC_0241,staff,0,1,0,1,0,0,external,0,975,8,8289,54,5524,45980,2625,9224
User_0980,PC_0288,staff,0,0,1,0,0,0,external,0,976,12,12010,269,3821,33504,1356,5725
User_0521,PC_0499,staff,1,0,0,0,0,1,internal,0,977,8,2776,163,7509,27766,1255,9701
User_0369,PC_0308,senior manager,0,0,1,0,0,1,internal,0,978,4,3337,164,8693,39386,2007,4728
User_0736,PC_0165,staff,1,1,0,1,1,1,internal,0,979,13,1684,439,1071,22695,3400,5160
User_0465,PC_0497,staff,0,0,1,1,0,1,internal,0,980,7,4223,372,4580,28796,2755,7847
User_0528,PC_0216,manager,1,0,0,0,1,1,external,1,981,15,6701,457,8962,25559,4592,6369
User_0456,PC_0365,staff,0,0,1,1,1,0,internal,1,982,15,14822,484,1268,49914,3571,6732
User_0975,PC_0089,staff,0,0,1,0,1,0,external,1,983,11,14298,243,3462,44139,4908,6855
User_0748,PC_0093,staff,0,0,1,0,0,1,external,0,984,10,9370,60,2015,49333,3997,6689
User_0653,PC_0394,staff,0,0,1,0,0,0,external,0,985,3,11585,315,8984,19802,3803,5689
User_0932,PC_0488,staff,0,1,0,0,1,1,internal,1,986,6,15528,271,1406,19307,4765,2604
User_0307,PC_0023,staff,0,1,0,0,0,0,internal,0,987,14,2415,324,8384,44214,1283,3133
User_0088,PC_0453,staff,0,1,0,0,0,1,external,1,988,10,5388,134,7049,45159,4383,9003
User_0411,PC_0072,staff,0,0,1,1,1,0,internal,1,989,13,13960,408,7169,22516,1098,3076
User_0319,PC_0368,staff,0,1,0,0,0,1,internal,1,990,10,2803,254,8982,40086,1196,1571
User_0710,PC_0034,staff,0,1,0,1,1,1,external,0,991,12,3235,39,1985,41480,3529,6695
User_0226,PC_0305,staff,1,0,1,0,0,1,internal,1,992,14,15189,435,5485,49737,1877,1242
User_0462,PC_0330,staff,1,0,0,1,1,1,internal,0,993,9,10729,494,9901,20265,4297,2668
User_0797,PC_0470,staff,0,1,1,0,0,1,internal,1,994,1,2905,131,3618,16454,2868,1708
User_0573,PC_0174,staff,0,1,0,1,1,0,external,0,995,5,8761,134,7289,46918,3662,5652
User_0180,PC_0439,senior manager,0,0,1,0,0,0,internal,0,996,4,11061,46,7928,37181,3665,1997
User_0869,PC_0253,staff,1,0,0,0,0,1,external,0,997,8,3339,179,6368,26386,2388,2292
User_0818,PC_0450,staff,0,1,0,0,1,0,internal,0,998,11,10704,133,5621,48425,3415,1191
User_0716,PC_0140,staff,0,1,0,1,1,1,external,0,999,12,14541,366,8566,35327,1569,799
User_0415,PC_0160,senior manager,0,1,0,0,1,0,external,0,1000,1,1293,44,5670,32181,3637,4192
